[{"Kode_Jabatan":"1DR","Nama_Jabatan":"Driver","Kode_Level":1,"Tunjangan":0.0,"Nama_Level":null,"Level_Approval":null,"Nama_Jabatan2":"Driver","Disabled":0},{"Kode_Jabatan":"1OB","Nama_Jabatan":"Office Boy","Kode_Level":1,"Tunjangan":0.0,"Nama_Level":null,"Level_Approval":null,"Nama_Jabatan2":"Office Boy","Disabled":0},{"Kode_Jabatan":"1SE","Nama_Jabatan":"Security","Kode_Level":1,"Tunjangan":0.0,"Nama_Level":null,"Level_Approval":null,"Nama_Jabatan2":"Security","Disabled":0},{"Kode_Jabatan":"1WO","Nama_Jabatan":"Worker","Kode_Level":1,"Tunjangan":0.0,"Nama_Level":null,"Level_Approval":null,"Nama_Jabatan2":"Worker","Disabled":0},{"Kode_Jabatan":"2An","Nama_Jabatan":"Analyst (Level 2)","Kode_Level":2,"Tunjangan":0.0,"Nama_Level":null,"Level_Approval":null,"Nama_Jabatan2":"Analyst (Level 2)","Disabled":0},{"Kode_Jabatan":"2LA","Nama_Jabatan":"Laboratory Analyst","Kode_Level":2,"Tunjangan":0.0,"Nama_Level":null,"Level_Approval":null,"Nama_Jabatan2":"Laboratory Analyst","Disabled":-1},{"Kode_Jabatan":"2MR","Nama_Jabatan":"Medical Representative","Kode_Level":2,"Tunjangan":0.0,"Nama_Level":null,"Level_Approval":null,"Nama_Jabatan2":"Medical Representative","Disabled":0},{"Kode_Jabatan":"2Op","Nama_Jabatan":"Operator (Level 2)","Kode_Level":2,"Tunjangan":0.0,"Nama_Level":null,"Level_Approval":null,"Nama_Jabatan2":"Operator (Level 2)","Disabled":0},{"Kode_Jabatan":"2SEG","Nama_Jabatan":"Security Group Leader","Kode_Level":2,"Tunjangan":0.0,"Nama_Level":null,"Level_Approval":null,"Nama_Jabatan2":"Security Group Leader","Disabled":-1},{"Kode_Jabatan":"2SGL","Nama_Jabatan":"Security Group Leader","Kode_Level":2,"Tunjangan":100000.0,"Nama_Level":null,"Level_Approval":null,"Nama_Jabatan2":"Security Group Leader","Disabled":0},{"Kode_Jabatan":"2SMR","Nama_Jabatan":"Senior Medical Representative","Kode_Level":2,"Tunjangan":0.0,"Nama_Level":null,"Level_Approval":null,"Nama_Jabatan2":"Senior Medical Representative","Disabled":-1},{"Kode_Jabatan":"2St","Nama_Jabatan":"Staff","Kode_Level":2,"Tunjangan":0.0,"Nama_Level":"STAF","Level_Approval":8,"Nama_Jabatan2":"Staff","Disabled":0},{"Kode_Jabatan":"2Te","Nama_Jabatan":"Technician (Level 2)","Kode_Level":2,"Tunjangan":0.0,"Nama_Level":null,"Level_Approval":null,"Nama_Jabatan2":"Technician (Level 2)","Disabled":0},{"Kode_Jabatan":"3An","Nama_Jabatan":"Analyst (Level 3)","Kode_Level":3,"Tunjangan":100000.0,"Nama_Level":null,"Level_Approval":null,"Nama_Jabatan2":"Analyst (Level 3)","Disabled":0},{"Kode_Jabatan":"3C","Nama_Jabatan":"Coordinator","Kode_Level":3,"Tunjangan":100000.0,"Nama_Level":"COORDINATOR","Level_Approval":8,"Nama_Jabatan2":"Coordinator","Disabled":0},{"Kode_Jabatan":"3FC","Nama_Jabatan":"Field Coordinator","Kode_Level":3,"Tunjangan":100000.0,"Nama_Level":null,"Level_Approval":null,"Nama_Jabatan2":"Field Coordinator","Disabled":0},{"Kode_Jabatan":"3Off","Nama_Jabatan":"Officer","Kode_Level":3,"Tunjangan":100000.0,"Nama_Level":null,"Level_Approval":null,"Nama_Jabatan2":"Officer","Disabled":0},{"Kode_Jabatan":"3Op","Nama_Jabatan":"Operator (Level 3)","Kode_Level":3,"Tunjangan":100000.0,"Nama_Level":null,"Level_Approval":null,"Nama_Jabatan2":"Operator (Level 3)","Disabled":0},{"Kode_Jabatan":"3PPM","Nama_Jabatan":"Product Promotor (Level 3)","Kode_Level":3,"Tunjangan":100000.0,"Nama_Level":null,"Level_Approval":null,"Nama_Jabatan2":"Product Promotor (Level 3)","Disabled":0},{"Kode_Jabatan":"3PS","Nama_Jabatan":"Product Specialist (Level 3)","Kode_Level":3,"Tunjangan":100000.0,"Nama_Level":null,"Level_Approval":null,"Nama_Jabatan2":"Product Specialist (Level 3)","Disabled":0},{"Kode_Jabatan":"3Te","Nama_Jabatan":"Technician (Level 3)","Kode_Level":3,"Tunjangan":100000.0,"Nama_Level":null,"Level_Approval":null,"Nama_Jabatan2":"Technician (Level 3)","Disabled":0},{"Kode_Jabatan":"3TSO","Nama_Jabatan":"Officer (Technical Support Officer)","Kode_Level":3,"Tunjangan":100000.0,"Nama_Level":null,"Level_Approval":null,"Nama_Jabatan2":"Officer (Technical Support Officer)","Disabled":0},{"Kode_Jabatan":"4AM","Nama_Jabatan":"Area Manager (Level 4)","Kode_Level":4,"Tunjangan":150000.0,"Nama_Level":null,"Level_Approval":null,"Nama_Jabatan2":"Area Manager (Level 4)","Disabled":0},{"Kode_Jabatan":"4KAE","Nama_Jabatan":"Senior Officer - Key Account Executive (Level 4)","Kode_Level":4,"Tunjangan":150000.0,"Nama_Level":null,"Level_Approval":null,"Nama_Jabatan2":"Senior Officer - Key Account Executive (Level 4)","Disabled":0},{"Kode_Jabatan":"4PM","Nama_Jabatan":"Product Manager (Level 4)","Kode_Level":4,"Tunjangan":150000.0,"Nama_Level":null,"Level_Approval":null,"Nama_Jabatan2":"Product Manager (Level 4)","Disabled":0},{"Kode_Jabatan":"4PPM","Nama_Jabatan":"Product Promotor (Level 4)","Kode_Level":4,"Tunjangan":150000.0,"Nama_Level":null,"Level_Approval":null,"Nama_Jabatan2":"Product Promotor (Level 4)","Disabled":0},{"Kode_Jabatan":"4PS","Nama_Jabatan":"Product Specialist (Level 4)","Kode_Level":4,"Tunjangan":150000.0,"Nama_Level":null,"Level_Approval":null,"Nama_Jabatan2":"Product Specialist (Level 4)","Disabled":0},{"Kode_Jabatan":"4SAn","Nama_Jabatan":"Senior Analyst (Level 4)","Kode_Level":4,"Tunjangan":150000.0,"Nama_Level":null,"Level_Approval":null,"Nama_Jabatan2":"Senior Analyst (Level 4)","Disabled":0},{"Kode_Jabatan":"4SO","Nama_Jabatan":"Senior Officer (Level 4)","Kode_Level":4,"Tunjangan":150000.0,"Nama_Level":null,"Level_Approval":null,"Nama_Jabatan2":"Senior Officer (Level 4)","Disabled":0},{"Kode_Jabatan":"4SOp","Nama_Jabatan":"Senior Operator (Level 4)","Kode_Level":4,"Tunjangan":150000.0,"Nama_Level":null,"Level_Approval":null,"Nama_Jabatan2":"Senior Operator (Level 4)","Disabled":0},{"Kode_Jabatan":"4STe","Nama_Jabatan":"Senior Technician (Level 4)","Kode_Level":4,"Tunjangan":150000.0,"Nama_Level":null,"Level_Approval":null,"Nama_Jabatan2":"Senior Technician (Level 4)","Disabled":0},{"Kode_Jabatan":"5AM","Nama_Jabatan":"Area Manager (Level 5)","Kode_Level":5,"Tunjangan":300000.0,"Nama_Level":null,"Level_Approval":null,"Nama_Jabatan2":"Area Manager (Level 5)","Disabled":0},{"Kode_Jabatan":"5KAE","Nama_Jabatan":"Senior Officer - Key Account Executive (Level 5)","Kode_Level":5,"Tunjangan":300000.0,"Nama_Level":null,"Level_Approval":null,"Nama_Jabatan2":"Senior Officer - Key Account Executive (Level 5)","Disabled":0},{"Kode_Jabatan":"5MA","Nama_Jabatan":"Marketing Advisor (Level 5)","Kode_Level":5,"Tunjangan":0.0,"Nama_Level":null,"Level_Approval":null,"Nama_Jabatan2":null,"Disabled":0},{"Kode_Jabatan":"5PM","Nama_Jabatan":"Product Manager (Level 5)","Kode_Level":5,"Tunjangan":300000.0,"Nama_Level":null,"Level_Approval":null,"Nama_Jabatan2":"Product Manager (Level 5)","Disabled":0},{"Kode_Jabatan":"5PPM","Nama_Jabatan":"Product Promotor (Level 5)","Kode_Level":5,"Tunjangan":300000.0,"Nama_Level":null,"Level_Approval":null,"Nama_Jabatan2":"Product Promotor (Level 5)","Disabled":0},{"Kode_Jabatan":"5PS","Nama_Jabatan":"Product Specialist (Level 5)","Kode_Level":5,"Tunjangan":300000.0,"Nama_Level":null,"Level_Approval":null,"Nama_Jabatan2":"Product Specialist (Level 5)","Disabled":0},{"Kode_Jabatan":"5SAn","Nama_Jabatan":"Senior Analyst (Level 5)","Kode_Level":5,"Tunjangan":300000.0,"Nama_Level":null,"Level_Approval":null,"Nama_Jabatan2":"Senior Analyst (Level 5)","Disabled":0},{"Kode_Jabatan":"5SO","Nama_Jabatan":"Senior Officer (Level 5)","Kode_Level":5,"Tunjangan":300000.0,"Nama_Level":null,"Level_Approval":null,"Nama_Jabatan2":"Senior Officer (Level 5)","Disabled":0},{"Kode_Jabatan":"5SOp","Nama_Jabatan":"Senior Operator (Level 5)","Kode_Level":5,"Tunjangan":300000.0,"Nama_Level":null,"Level_Approval":null,"Nama_Jabatan2":"Senior Operator (Level 5)","Disabled":0},{"Kode_Jabatan":"5STe","Nama_Jabatan":"Senior Technician (Level 5)","Kode_Level":5,"Tunjangan":300000.0,"Nama_Level":null,"Level_Approval":null,"Nama_Jabatan2":"Senior Technician (Level 5)","Disabled":0},{"Kode_Jabatan":"5SUP","Nama_Jabatan":"Supervisor","Kode_Level":5,"Tunjangan":300000.0,"Nama_Level":"SUPERVISOR","Level_Approval":7,"Nama_Jabatan2":"Supervisor","Disabled":0},{"Kode_Jabatan":"6ADV","Nama_Jabatan":"Advisor (Level 6)","Kode_Level":6,"Tunjangan":700000.0,"Nama_Level":null,"Level_Approval":null,"Nama_Jabatan2":"Advisor (Level 6)","Disabled":0},{"Kode_Jabatan":"6AM","Nama_Jabatan":"Area Manager (Level 6)","Kode_Level":6,"Tunjangan":700000.0,"Nama_Level":null,"Level_Approval":null,"Nama_Jabatan2":"Area Manager (Level 6)","Disabled":0},{"Kode_Jabatan":"6PM","Nama_Jabatan":"Product Manager (Level 6)","Kode_Level":6,"Tunjangan":700000.0,"Nama_Level":null,"Level_Approval":null,"Nama_Jabatan2":"Product Manager (Level 6)","Disabled":0},{"Kode_Jabatan":"6RM","Nama_Jabatan":"Region Manager (Level 6)","Kode_Level":6,"Tunjangan":700000.0,"Nama_Level":null,"Level_Approval":null,"Nama_Jabatan2":"Region Manager (Level 6)","Disabled":0},{"Kode_Jabatan":"6SM","Nama_Jabatan":"Assistant Manager","Kode_Level":6,"Tunjangan":700000.0,"Nama_Level":"ASS. MANAGER","Level_Approval":6,"Nama_Jabatan2":"Assistant Manager","Disabled":0},{"Kode_Jabatan":"7ADV","Nama_Jabatan":"Advisor (Level 7)","Kode_Level":7,"Tunjangan":900000.0,"Nama_Level":null,"Level_Approval":null,"Nama_Jabatan2":"Advisor (Level 7)","Disabled":0},{"Kode_Jabatan":"7MAN","Nama_Jabatan":"Manager","Kode_Level":7,"Tunjangan":900000.0,"Nama_Level":"MANAGER","Level_Approval":6,"Nama_Jabatan2":"Manager","Disabled":0},{"Kode_Jabatan":"7PM","Nama_Jabatan":"Product Manager (Level 7)","Kode_Level":7,"Tunjangan":900000.0,"Nama_Level":null,"Level_Approval":null,"Nama_Jabatan2":"Product Manager (Level 7)","Disabled":0},{"Kode_Jabatan":"7RM","Nama_Jabatan":"Region Manager (Level 7)","Kode_Level":7,"Tunjangan":900000.0,"Nama_Level":null,"Level_Approval":null,"Nama_Jabatan2":"Region Manager (Level 7)","Disabled":0},{"Kode_Jabatan":"8SA","Nama_Jabatan":"Senior Advisor (Level 8)","Kode_Level":8,"Tunjangan":2500000.0,"Nama_Level":null,"Level_Approval":null,"Nama_Jabatan2":"Senior Advisor (Level 8)","Disabled":0},{"Kode_Jabatan":"8SM","Nama_Jabatan":"Senior Manager (Level 8)","Kode_Level":8,"Tunjangan":2500000.0,"Nama_Level":null,"Level_Approval":null,"Nama_Jabatan2":"Senior Manager (Level 8)","Disabled":0},{"Kode_Jabatan":"9GM","Nama_Jabatan":"General Manager","Kode_Level":9,"Tunjangan":3000000.0,"Nama_Level":null,"Level_Approval":null,"Nama_Jabatan2":"General Manager","Disabled":0},{"Kode_Jabatan":"9SA","Nama_Jabatan":"Senior Advisor (Level 9)","Kode_Level":9,"Tunjangan":3000000.0,"Nama_Level":null,"Level_Approval":null,"Nama_Jabatan2":"Senior Advisor (Level 9)","Disabled":0},{"Kode_Jabatan":"9SM","Nama_Jabatan":"Senior Manager (Level 9)","Kode_Level":9,"Tunjangan":3000000.0,"Nama_Level":null,"Level_Approval":null,"Nama_Jabatan2":"Senior Manager (Level 9)","Disabled":0},{"Kode_Jabatan":"ADV","Nama_Jabatan":"Advisor to President Director","Kode_Level":9,"Tunjangan":0.0,"Nama_Level":null,"Level_Approval":2,"Nama_Jabatan2":"Advisor to President Director","Disabled":-1},{"Kode_Jabatan":"ADV1","Nama_Jabatan":"Advisor","Kode_Level":8,"Tunjangan":0.0,"Nama_Level":null,"Level_Approval":null,"Nama_Jabatan2":"Advisor","Disabled":-1},{"Kode_Jabatan":"ADV2","Nama_Jabatan":"Advisor","Kode_Level":6,"Tunjangan":0.0,"Nama_Level":null,"Level_Approval":null,"Nama_Jabatan2":"Advisor","Disabled":-1},{"Kode_Jabatan":"ADV3","Nama_Jabatan":"Advisor","Kode_Level":0,"Tunjangan":0.0,"Nama_Level":null,"Level_Approval":null,"Nama_Jabatan2":"Advisor","Disabled":-1},{"Kode_Jabatan":"ADV7","Nama_Jabatan":"Advisor","Kode_Level":7,"Tunjangan":0.0,"Nama_Level":null,"Level_Approval":null,"Nama_Jabatan2":"Advisor","Disabled":-1},{"Kode_Jabatan":"AM","Nama_Jabatan":"Assistant Manager","Kode_Level":6,"Tunjangan":700000.0,"Nama_Level":null,"Level_Approval":null,"Nama_Jabatan2":"Assistant Manager","Disabled":-1},{"Kode_Jabatan":"AMAS","Nama_Jabatan":"Area Manager (Assistant Supervisor Level)","Kode_Level":4,"Tunjangan":150000.0,"Nama_Level":null,"Level_Approval":null,"Nama_Jabatan2":"Area Manager (Assistant Supervisor Level)","Disabled":-1},{"Kode_Jabatan":"AMPM","Nama_Jabatan":"Assistant Manager / Product Manager","Kode_Level":6,"Tunjangan":700000.0,"Nama_Level":"ASS. MANAGER","Level_Approval":6,"Nama_Jabatan2":"Assistant Manager / Product Manager","Disabled":-1},{"Kode_Jabatan":"AMS","Nama_Jabatan":"Area Manager (Supervisor Level)","Kode_Level":5,"Tunjangan":300000.0,"Nama_Level":null,"Level_Approval":null,"Nama_Jabatan2":"Area Manager (Supervisor Level)","Disabled":-1},{"Kode_Jabatan":"AS","Nama_Jabatan":"Assistant Supervisor","Kode_Level":4,"Tunjangan":150000.0,"Nama_Level":"ASS. SUPERVISOR","Level_Approval":7,"Nama_Jabatan2":"Assistant Supervisor","Disabled":-1},{"Kode_Jabatan":"ASFi","Nama_Jabatan":"Assistant Supervisor / Field","Kode_Level":4,"Tunjangan":150000.0,"Nama_Level":"ASS. SUPERVISOR","Level_Approval":7,"Nama_Jabatan2":"Assistant Supervisor / Field","Disabled":-1},{"Kode_Jabatan":"ASH","Nama_Jabatan":"Assistant Supervisor / Hospital","Kode_Level":4,"Tunjangan":150000.0,"Nama_Level":"ASS. SUPERVISOR","Level_Approval":7,"Nama_Jabatan2":"Assistant Supervisor / Hospital","Disabled":-1},{"Kode_Jabatan":"ASHp","Nama_Jabatan":"Assistant Supervisor / Head of Product Promotor (P","Kode_Level":4,"Tunjangan":150000.0,"Nama_Level":"ASS. SUPERVISOR","Level_Approval":7,"Nama_Jabatan2":"Assistant Supervisor / Head of Product Promotor (P","Disabled":-1},{"Kode_Jabatan":"ASJP","Nama_Jabatan":"Assistant Supervisor / Junior Product Manager","Kode_Level":4,"Tunjangan":150000.0,"Nama_Level":"ASS. SUPERVISOR","Level_Approval":7,"Nama_Jabatan2":"Assistant Supervisor / Junior Product Manager","Disabled":-1},{"Kode_Jabatan":"ASKA","Nama_Jabatan":"Key Executive Account (Assistant Supervisor Level)","Kode_Level":4,"Tunjangan":150000.0,"Nama_Level":null,"Level_Approval":null,"Nama_Jabatan2":"Key Executive Account (Assistant Supervisor Level)","Disabled":-1},{"Kode_Jabatan":"ASPm","Nama_Jabatan":"Assistant Supervisor / Product Promotor","Kode_Level":4,"Tunjangan":150000.0,"Nama_Level":"ASS. SUPERVISOR","Level_Approval":7,"Nama_Jabatan2":"Assistant Supervisor / Product Promotor","Disabled":-1},{"Kode_Jabatan":"ASPs","Nama_Jabatan":"Assistant Supervisor / Product Specialist","Kode_Level":4,"Tunjangan":150000.0,"Nama_Level":"ASS. SUPERVISOR","Level_Approval":7,"Nama_Jabatan2":"Assistant Supervisor / Product Specialist","Disabled":-1},{"Kode_Jabatan":"ASSe","Nama_Jabatan":"Assistant Supervisor / Secretary","Kode_Level":4,"Tunjangan":150000.0,"Nama_Level":"ASS. SUPERVISOR","Level_Approval":7,"Nama_Jabatan2":"Assistant Supervisor / Secretary","Disabled":-1},{"Kode_Jabatan":"ASTO","Nama_Jabatan":"Assistant Supervisor / Training Officer","Kode_Level":4,"Tunjangan":150000.0,"Nama_Level":"ASS. SUPERVISOR","Level_Approval":7,"Nama_Jabatan2":"Assistant Supervisor / Training Officer","Disabled":-1},{"Kode_Jabatan":"ATSO","Nama_Jabatan":"Assistant Supervisor / Technical Suppport Officer","Kode_Level":4,"Tunjangan":150000.0,"Nama_Level":"ASS. SUPERVISOR","Level_Approval":7,"Nama_Jabatan2":"Assistant Supervisor / Technical Suppport Officer","Disabled":-1},{"Kode_Jabatan":"C","Nama_Jabatan":"Coordinator","Kode_Level":3,"Tunjangan":100000.0,"Nama_Level":null,"Level_Approval":null,"Nama_Jabatan2":"Coordinator","Disabled":-1},{"Kode_Jabatan":"Cfie","Nama_Jabatan":"Coordinator / Field","Kode_Level":3,"Tunjangan":100000.0,"Nama_Level":"COORDINATOR","Level_Approval":8,"Nama_Jabatan2":"Coordinator / Field","Disabled":0},{"Kode_Jabatan":"Chos","Nama_Jabatan":"Coordinator / Hospital","Kode_Level":3,"Tunjangan":100000.0,"Nama_Level":"COORDINATOR","Level_Approval":8,"Nama_Jabatan2":"Coordinator / Hospital","Disabled":0},{"Kode_Jabatan":"CJpm","Nama_Jabatan":"Coordinator / Junior Product Manager","Kode_Level":3,"Tunjangan":100000.0,"Nama_Level":"COORDINATOR","Level_Approval":8,"Nama_Jabatan2":"Coordinator / Junior Product Manager","Disabled":0},{"Kode_Jabatan":"CLA","Nama_Jabatan":"Coordinator / Laboratory Analyst","Kode_Level":3,"Tunjangan":100000.0,"Nama_Level":"COORDINATOR","Level_Approval":8,"Nama_Jabatan2":"Coordinator / Laboratory Analyst","Disabled":0},{"Kode_Jabatan":"CMR","Nama_Jabatan":"Coordinator / Medical Representative","Kode_Level":3,"Tunjangan":100000.0,"Nama_Level":"COORDINATOR","Level_Approval":8,"Nama_Jabatan2":"Coordinator / Medical Representative","Disabled":0},{"Kode_Jabatan":"CODE","Nama_Jabatan":"Assistant Supervisor / Complain & Expiration Date Officer","Kode_Level":4,"Tunjangan":150000.0,"Nama_Level":"ASS. SUPERVISOR","Level_Approval":7,"Nama_Jabatan2":"Assistant Supervisor / Complain & Expiration Date Officer","Disabled":0},{"Kode_Jabatan":"CPm","Nama_Jabatan":"Coordinator / Product Promotor","Kode_Level":3,"Tunjangan":100000.0,"Nama_Level":"COORDINATOR","Level_Approval":8,"Nama_Jabatan2":"Coordinator / Product Promotor","Disabled":0},{"Kode_Jabatan":"CSFP","Nama_Jabatan":"Coordinator / Sales Force Performance Development","Kode_Level":3,"Tunjangan":100000.0,"Nama_Level":"COORDINATOR","Level_Approval":8,"Nama_Jabatan2":"Coordinator / Sales Force Performance Development","Disabled":0},{"Kode_Jabatan":"CTSO","Nama_Jabatan":"Coordinator / Technical Support Officer","Kode_Level":3,"Tunjangan":100000.0,"Nama_Level":"COORDINATOR","Level_Approval":8,"Nama_Jabatan2":"Coordinator / Technical Support Officer","Disabled":0},{"Kode_Jabatan":"DCP","Nama_Jabatan":"Director of Corporate Planning","Kode_Level":10,"Tunjangan":0.0,"Nama_Level":null,"Level_Approval":null,"Nama_Jabatan2":"Director of Corporate Planning","Disabled":0},{"Kode_Jabatan":"DGM","Nama_Jabatan":"General Manager","Kode_Level":8,"Tunjangan":2500000.0,"Nama_Level":"MANAGER","Level_Approval":null,"Nama_Jabatan2":"General Manager","Disabled":0},{"Kode_Jabatan":"DiDe","Nama_Jabatan":"Deputy Director","Kode_Level":8,"Tunjangan":2500000.0,"Nama_Level":"DIRECTOR","Level_Approval":4,"Nama_Jabatan2":"Deputy Director","Disabled":0},{"Kode_Jabatan":"Dir","Nama_Jabatan":"Director","Kode_Level":9,"Tunjangan":3000000.0,"Nama_Level":"DIRECTOR","Level_Approval":2,"Nama_Jabatan2":"Director","Disabled":0},{"Kode_Jabatan":"DiTe","Nama_Jabatan":"Director / Technical Director","Kode_Level":8,"Tunjangan":2500000.0,"Nama_Level":"DIRECTOR","Level_Approval":2,"Nama_Jabatan2":"Director / Technical Director","Disabled":0},{"Kode_Jabatan":"DMF","Nama_Jabatan":"Director of Manufacturing","Kode_Level":10,"Tunjangan":0.0,"Nama_Level":null,"Level_Approval":null,"Nama_Jabatan2":"Director of Manufacturing","Disabled":0},{"Kode_Jabatan":"DMP","Nama_Jabatan":"Director of Production","Kode_Level":10,"Tunjangan":0.0,"Nama_Level":null,"Level_Approval":null,"Nama_Jabatan2":"Director of Production","Disabled":0},{"Kode_Jabatan":"DSM","Nama_Jabatan":"Senior Manager (Level 8)","Kode_Level":8,"Tunjangan":2000000.0,"Nama_Level":"MANAGER","Level_Approval":null,"Nama_Jabatan2":"Senior Manager (Level 8)","Disabled":0},{"Kode_Jabatan":"GM","Nama_Jabatan":"General Manager","Kode_Level":9,"Tunjangan":3000000.0,"Nama_Level":null,"Level_Approval":null,"Nama_Jabatan2":"General Manager","Disabled":-1},{"Kode_Jabatan":"HQDi","Nama_Jabatan":"Director","Kode_Level":9,"Tunjangan":3000000.0,"Nama_Level":"DIRECTOR","Level_Approval":2,"Nama_Jabatan2":"Director","Disabled":0},{"Kode_Jabatan":"JPM5","Nama_Jabatan":"Junior Product Manager (Supervisor Level)","Kode_Level":5,"Tunjangan":300000.0,"Nama_Level":null,"Level_Approval":null,"Nama_Jabatan2":"Junior Product Manager (Supervisor Level)","Disabled":0},{"Kode_Jabatan":"KAE4","Nama_Jabatan":"Key Account Executive Officer","Kode_Level":4,"Tunjangan":150000.0,"Nama_Level":null,"Level_Approval":null,"Nama_Jabatan2":"Key Account Executive Officer","Disabled":0},{"Kode_Jabatan":"KAE5","Nama_Jabatan":"Key Account Executive Officer","Kode_Level":5,"Tunjangan":300000.0,"Nama_Level":null,"Level_Approval":null,"Nama_Jabatan2":"Key Account Executive Officer","Disabled":0},{"Kode_Jabatan":"MAN","Nama_Jabatan":"Manager","Kode_Level":7,"Tunjangan":900000.0,"Nama_Level":null,"Level_Approval":null,"Nama_Jabatan2":"Manager","Disabled":-1},{"Kode_Jabatan":"MITA","Nama_Jabatan":"Manager / Information Technology Advisor","Kode_Level":7,"Tunjangan":900000.0,"Nama_Level":null,"Level_Approval":null,"Nama_Jabatan2":"Manager / Information Technology Advisor","Disabled":0},{"Kode_Jabatan":"MPM","Nama_Jabatan":"Manager / Product Manager","Kode_Level":7,"Tunjangan":900000.0,"Nama_Level":"MANAGER","Level_Approval":6,"Nama_Jabatan2":"Manager / Product Manager","Disabled":0},{"Kode_Jabatan":"MSM","Nama_Jabatan":"Senior Manager (Manager Level)","Kode_Level":7,"Tunjangan":900000.0,"Nama_Level":null,"Level_Approval":null,"Nama_Jabatan2":"Senior Manager (Manager Level)","Disabled":0},{"Kode_Jabatan":"NSM","Nama_Jabatan":"Manager / National Sales Manager","Kode_Level":7,"Tunjangan":900000.0,"Nama_Level":"MANAGER","Level_Approval":6,"Nama_Jabatan2":"Manager / National Sales Manager","Disabled":0},{"Kode_Jabatan":"Off","Nama_Jabatan":"Officer","Kode_Level":3,"Tunjangan":100000.0,"Nama_Level":null,"Level_Approval":null,"Nama_Jabatan2":"Officer","Disabled":0},{"Kode_Jabatan":"PD","Nama_Jabatan":"President Director","Kode_Level":10,"Tunjangan":0.0,"Nama_Level":"DIRECTOR","Level_Approval":1,"Nama_Jabatan2":"President Director","Disabled":0},{"Kode_Jabatan":"PM4","Nama_Jabatan":"Product Manager (Assistant Supervisor Level)","Kode_Level":4,"Tunjangan":150000.0,"Nama_Level":null,"Level_Approval":null,"Nama_Jabatan2":"Product Manager (Assistant Supervisor Level)","Disabled":0},{"Kode_Jabatan":"PM5","Nama_Jabatan":"Product Manager (Supervisor Level)","Kode_Level":5,"Tunjangan":300000.0,"Nama_Level":null,"Level_Approval":null,"Nama_Jabatan2":"Product Manager (Supervisor Level)","Disabled":0},{"Kode_Jabatan":"PM6","Nama_Jabatan":"Product Manager (Assistant Manager Level)","Kode_Level":6,"Tunjangan":700000.0,"Nama_Level":null,"Level_Approval":null,"Nama_Jabatan2":"Product Manager (Assistant Manager Level)","Disabled":0},{"Kode_Jabatan":"PM7","Nama_Jabatan":"Product Manager (Manager Level)","Kode_Level":7,"Tunjangan":900000.0,"Nama_Level":null,"Level_Approval":null,"Nama_Jabatan2":"Product Manager (Manager Level)","Disabled":0},{"Kode_Jabatan":"PPM3","Nama_Jabatan":"Product Promotor (Coordinator Level)","Kode_Level":3,"Tunjangan":100000.0,"Nama_Level":null,"Level_Approval":null,"Nama_Jabatan2":"Product Promotor (Coordinator Level)","Disabled":-1},{"Kode_Jabatan":"PPM4","Nama_Jabatan":"Product Promotor (Assistant Supervisor Level)","Kode_Level":4,"Tunjangan":150000.0,"Nama_Level":null,"Level_Approval":null,"Nama_Jabatan2":"Product Promotor (Assistant Supervisor Level)","Disabled":-1},{"Kode_Jabatan":"PPM5","Nama_Jabatan":"Product Promotor (Supervisor Level)","Kode_Level":5,"Tunjangan":300000.0,"Nama_Level":null,"Level_Approval":null,"Nama_Jabatan2":"Product Promotor (Supervisor Level)","Disabled":-1},{"Kode_Jabatan":"ProA","Nama_Jabatan":"Supervisor / Production Advisor","Kode_Level":5,"Tunjangan":300000.0,"Nama_Level":"SUPERVISOR","Level_Approval":7,"Nama_Jabatan2":"Supervisor / Production Advisor","Disabled":0},{"Kode_Jabatan":"PS3","Nama_Jabatan":"Product Specialist (Coordinator Level)","Kode_Level":3,"Tunjangan":100000.0,"Nama_Level":null,"Level_Approval":null,"Nama_Jabatan2":"Product Specialist (Coordinator Level)","Disabled":-1},{"Kode_Jabatan":"PS4","Nama_Jabatan":"Product Specialist (Assistant Supervisor Level)","Kode_Level":4,"Tunjangan":150000.0,"Nama_Level":null,"Level_Approval":null,"Nama_Jabatan2":"Product Specialist (Assistant Supervisor Level)","Disabled":-1},{"Kode_Jabatan":"PS5","Nama_Jabatan":"Product Specialist (Supervisor Level)","Kode_Level":5,"Tunjangan":300000.0,"Nama_Level":null,"Level_Approval":null,"Nama_Jabatan2":"Product Specialist (Supervisor Level)","Disabled":-1},{"Kode_Jabatan":"Psp","Nama_Jabatan":"Coordinator / Product Specialist","Kode_Level":3,"Tunjangan":100000.0,"Nama_Level":"COORDINATOR","Level_Approval":8,"Nama_Jabatan2":"Coordinator / Product Specialist","Disabled":0},{"Kode_Jabatan":"SA","Nama_Jabatan":"Senior Advisor","Kode_Level":9,"Tunjangan":0.0,"Nama_Level":null,"Level_Approval":null,"Nama_Jabatan2":"Senior Advisor","Disabled":-1},{"Kode_Jabatan":"Sdan","Nama_Jabatan":"Staff / Komandan Regu","Kode_Level":2,"Tunjangan":100000.0,"Nama_Level":"STAF","Level_Approval":8,"Nama_Jabatan2":"Staff / Komandan Regu","Disabled":-1},{"Kode_Jabatan":"Sfie","Nama_Jabatan":"Supervisor / Field","Kode_Level":5,"Tunjangan":300000.0,"Nama_Level":"SUPERVISOR","Level_Approval":7,"Nama_Jabatan2":"Supervisor / Field","Disabled":0},{"Kode_Jabatan":"Shos","Nama_Jabatan":"Supervisor / Hospital","Kode_Level":5,"Tunjangan":300000.0,"Nama_Level":"SUPERVISOR","Level_Approval":7,"Nama_Jabatan2":"Supervisor / Hospital","Disabled":0},{"Kode_Jabatan":"SHp","Nama_Jabatan":"Supervisor / Head of Product Promotor (Ppm)","Kode_Level":5,"Tunjangan":300000.0,"Nama_Level":"SUPERVISOR","Level_Approval":7,"Nama_Jabatan2":"Supervisor / Head of Product Promotor (Ppm)","Disabled":0},{"Kode_Jabatan":"SJP","Nama_Jabatan":"Supervisor / Junior Product Manager","Kode_Level":5,"Tunjangan":300000.0,"Nama_Level":"SUPERVISOR","Level_Approval":7,"Nama_Jabatan2":"Supervisor / Junior Product Manager","Disabled":0},{"Kode_Jabatan":"Slab","Nama_Jabatan":"Staff / Laboratory Analyst","Kode_Level":2,"Tunjangan":0.0,"Nama_Level":"STAF","Level_Approval":8,"Nama_Jabatan2":"Staff / Laboratory Analyst","Disabled":-1},{"Kode_Jabatan":"SM","Nama_Jabatan":"Senior Medical Representative","Kode_Level":2,"Tunjangan":0.0,"Nama_Level":null,"Level_Approval":null,"Nama_Jabatan2":"Senior Medical Representative","Disabled":-1},{"Kode_Jabatan":"SM7","Nama_Jabatan":"Senior Manager (Level 7)","Kode_Level":7,"Tunjangan":900000.0,"Nama_Level":null,"Level_Approval":null,"Nama_Jabatan2":"Senior Manager (Level 7)","Disabled":0},{"Kode_Jabatan":"SM8","Nama_Jabatan":"Senior Manager","Kode_Level":8,"Tunjangan":0.0,"Nama_Level":null,"Level_Approval":null,"Nama_Jabatan2":"Senior Manager","Disabled":-1},{"Kode_Jabatan":"SM9","Nama_Jabatan":"Senior Manager","Kode_Level":9,"Tunjangan":0.0,"Nama_Level":null,"Level_Approval":null,"Nama_Jabatan2":"Senior Manager","Disabled":-1},{"Kode_Jabatan":"SMPm","Nama_Jabatan":"Staff / Medical Representative (PPm)","Kode_Level":2,"Tunjangan":0.0,"Nama_Level":"STAF","Level_Approval":8,"Nama_Jabatan2":"Staff / Medical Representative (PPm)","Disabled":-1},{"Kode_Jabatan":"SMR","Nama_Jabatan":"Staff / Medical Representative","Kode_Level":2,"Tunjangan":0.0,"Nama_Level":"STAF","Level_Approval":8,"Nama_Jabatan2":"Staff / Medical Representative","Disabled":-1},{"Kode_Jabatan":"SMR2","Nama_Jabatan":"Senior Medical Representative","Kode_Level":2,"Tunjangan":0.0,"Nama_Level":null,"Level_Approval":null,"Nama_Jabatan2":"Senior Medical Representative","Disabled":-1},{"Kode_Jabatan":"SMR3","Nama_Jabatan":"Senior Medical Representative (Coordinator Level)","Kode_Level":3,"Tunjangan":100000.0,"Nama_Level":null,"Level_Approval":null,"Nama_Jabatan2":"Senior Medical Representative (Coordinator Level)","Disabled":0},{"Kode_Jabatan":"SO4","Nama_Jabatan":"Senior Officer  (Assistant Supervisor Level)","Kode_Level":4,"Tunjangan":150000.0,"Nama_Level":null,"Level_Approval":null,"Nama_Jabatan2":"Senior Officer  (Assistant Supervisor Level)","Disabled":-1},{"Kode_Jabatan":"SO5","Nama_Jabatan":"Senior Officer  (Supervisor Level)","Kode_Level":5,"Tunjangan":300000.0,"Nama_Level":null,"Level_Approval":null,"Nama_Jabatan2":"Senior Officer  (Supervisor Level)","Disabled":-1},{"Kode_Jabatan":"SOKA","Nama_Jabatan":"Senior Officer (Key Account Executive)","Kode_Level":5,"Tunjangan":300000.0,"Nama_Level":null,"Level_Approval":null,"Nama_Jabatan2":"Senior Officer (Key Account Executive)","Disabled":-1},{"Kode_Jabatan":"Sope","Nama_Jabatan":"Staff / Operator","Kode_Level":2,"Tunjangan":0.0,"Nama_Level":"STAF","Level_Approval":8,"Nama_Jabatan2":"Staff / Operator","Disabled":-1},{"Kode_Jabatan":"SPm","Nama_Jabatan":"Supervisor / Product Promoter","Kode_Level":5,"Tunjangan":300000.0,"Nama_Level":"SUPERVISOR","Level_Approval":7,"Nama_Jabatan2":"Supervisor / Product Promoter","Disabled":0},{"Kode_Jabatan":"SPM1","Nama_Jabatan":"Supervisor / Product Manager","Kode_Level":5,"Tunjangan":300000.0,"Nama_Level":"SUPERVISOR","Level_Approval":7,"Nama_Jabatan2":"Supervisor / Product Manager","Disabled":0},{"Kode_Jabatan":"Staf","Nama_Jabatan":"Staff","Kode_Level":2,"Tunjangan":0.0,"Nama_Level":null,"Level_Approval":null,"Nama_Jabatan2":"Staff","Disabled":-1},{"Kode_Jabatan":"Stec","Nama_Jabatan":"Staff / Technician","Kode_Level":2,"Tunjangan":0.0,"Nama_Level":"STAF","Level_Approval":8,"Nama_Jabatan2":"Staff / Technician","Disabled":-1},{"Kode_Jabatan":"SUPE","Nama_Jabatan":"Supervisor","Kode_Level":5,"Tunjangan":300000.0,"Nama_Level":null,"Level_Approval":null,"Nama_Jabatan2":"Supervisor","Disabled":-1},{"Kode_Jabatan":"TSM","Nama_Jabatan":"Manager (Technical Support)","Kode_Level":7,"Tunjangan":900000.0,"Nama_Level":null,"Level_Approval":null,"Nama_Jabatan2":"Manager","Disabled":0},{"Kode_Jabatan":"WDRI","Nama_Jabatan":"Worker / Driver","Kode_Level":1,"Tunjangan":0.0,"Nama_Level":"WORKER","Level_Approval":9,"Nama_Jabatan2":"Worker / Driver","Disabled":-1},{"Kode_Jabatan":"WGAR","Nama_Jabatan":"Worker / Gardener","Kode_Level":1,"Tunjangan":0.0,"Nama_Level":"WORKER","Level_Approval":9,"Nama_Jabatan2":"Worker / Gardener","Disabled":-1},{"Kode_Jabatan":"WOB","Nama_Jabatan":"Worker / Office Boy","Kode_Level":1,"Tunjangan":0.0,"Nama_Level":"WORKER","Level_Approval":9,"Nama_Jabatan2":"Worker / Office Boy","Disabled":-1},{"Kode_Jabatan":"WORK","Nama_Jabatan":"Worker","Kode_Level":1,"Tunjangan":0.0,"Nama_Level":"WORKER","Level_Approval":9,"Nama_Jabatan2":"Worker","Disabled":-1},{"Kode_Jabatan":"WSAT","Nama_Jabatan":"Worker / Anggota Satpam","Kode_Level":1,"Tunjangan":0.0,"Nama_Level":"WORKER","Level_Approval":9,"Nama_Jabatan2":"Worker / Anggota Satpam","Disabled":-1}]
