[{"Kode_Headquarter":"ADHQ","Nama_Headquarter":"Administrative Headquarter","NIK":"95.16"},{"Kode_Headquarter":"BoD","Nama_Headquarter":"Board of Director","NIK":null},{"Kode_Headquarter":"CPD","Nama_Headquarter":"Corporate Planning Division","NIK":null},{"Kode_Headquarter":"CPHQ","Nama_Headquarter":"Corporate Planning Headquarter","NIK":"16.17"},{"Kode_Headquarter":"DIR","Nama_Headquarter":"Director","NIK":"0J.14"},{"Kode_Headquarter":"HRD","Nama_Headquarter":"Human Resources Department","NIK":null},{"Kode_Headquarter":"ICD","Nama_Headquarter":"Internal Control Division","NIK":null},{"Kode_Headquarter":"ISPD","Nama_Headquarter":"International Sales Planning Division","NIK":null},{"Kode_Headquarter":"LCAD","Nama_Headquarter":"Legal Corporate Affairs Department","NIK":null},{"Kode_Headquarter":"LCHQ","Nama_Headquarter":"Legal & Corporate Affairs Headquarters","NIK":null},{"Kode_Headquarter":"MFHQ","Nama_Headquarter":"Manufacturing Headquarter","NIK":"82.17"},{"Kode_Headquarter":"MKHQ","Nama_Headquarter":"Marketing Headquarter","NIK":null},{"Kode_Headquarter":"MSHQ","Nama_Headquarter":"Marketing & Sales Headquarter","NIK":"15.06"},{"Kode_Headquarter":"N/A","Nama_Headquarter":"N/A","NIK":null},{"Kode_Headquarter":"PD","Nama_Headquarter":"President Director","NIK":null},{"Kode_Headquarter":"PDHQ","Nama_Headquarter":"Production Headquarter","NIK":null},{"Kode_Headquarter":"SAHQ","Nama_Headquarter":"Sales Headquarter","NIK":null}]
