[{"Kode_Departemen":"ABD","Nama_Departemen":"Asian Business Development Dept.","Kode_Headquarter":"CPD","NIK":"     ","kd_dept_asal":"ABD","nama_dept_asal":"Asian Business Development Dept.","kd_hq_asal":"CPD","kd_hq_contrary":"CPD","ParentID":2,"IndexID":"z21","isActive":1,"Disabled":1},{"Kode_Departemen":"ACC","Nama_Departemen":"Accounting","Kode_Headquarter":"ADHQ","NIK":"03.34","kd_dept_asal":"ACC","nama_dept_asal":"Accounting","kd_hq_asal":"ADHQ","kd_hq_contrary":"ADHQ","ParentID":2,"IndexID":"z22","isActive":1,"Disabled":1},{"Kode_Departemen":"ADHQ","Nama_Departemen":"Administrative Headquarters","Kode_Headquarter":"ADHQ","NIK":"94.02","kd_dept_asal":null,"nama_dept_asal":null,"kd_hq_asal":null,"kd_hq_contrary":null,"ParentID":1,"IndexID":"800","isActive":1,"Disabled":0},{"Kode_Departemen":"ADVM","Nama_Departemen":"Advisor of Marketing & Sales Headquarter","Kode_Headquarter":"MSHQ","NIK":null,"kd_dept_asal":null,"nama_dept_asal":null,"kd_hq_asal":null,"kd_hq_contrary":null,"ParentID":null,"IndexID":null,"isActive":null,"Disabled":1},{"Kode_Departemen":"BD","Nama_Departemen":"Business Development Department","Kode_Headquarter":"CPHQ","NIK":null,"kd_dept_asal":null,"nama_dept_asal":null,"kd_hq_asal":null,"kd_hq_contrary":null,"ParentID":null,"IndexID":null,"isActive":null,"Disabled":0},{"Kode_Departemen":"BDD","Nama_Departemen":"Business Development Dept.","Kode_Headquarter":"CPD","NIK":null,"kd_dept_asal":"ABD","nama_dept_asal":"Asian Business Development Dept.","kd_hq_asal":"CPD","kd_hq_contrary":"CPD","ParentID":2,"IndexID":"603","isActive":1,"Disabled":1},{"Kode_Departemen":"BDO","Nama_Departemen":"Business Development & Operation Department","Kode_Headquarter":"CPHQ","NIK":null,"kd_dept_asal":"BDD","nama_dept_asal":"Business Development Dept.","kd_hq_asal":"CPD","kd_hq_contrary":"CPD","ParentID":null,"IndexID":null,"isActive":null,"Disabled":1},{"Kode_Departemen":"BIOD","Nama_Departemen":"Biological Department","Kode_Headquarter":"MSHQ","NIK":null,"kd_dept_asal":"BIOD","nama_dept_asal":"Biological Dept.","kd_hq_asal":"MKHQ","kd_hq_contrary":"SAHQ","ParentID":2,"IndexID":"403","isActive":1,"Disabled":1},{"Kode_Departemen":"BOD","Nama_Departemen":"Board of Directors","Kode_Headquarter":"BoD","NIK":null,"kd_dept_asal":null,"nama_dept_asal":null,"kd_hq_asal":null,"kd_hq_contrary":null,"ParentID":null,"IndexID":null,"isActive":null,"Disabled":0},{"Kode_Departemen":"BSD","Nama_Departemen":"Business Support Department","Kode_Headquarter":"MSHQ","NIK":null,"kd_dept_asal":null,"nama_dept_asal":null,"kd_hq_asal":null,"kd_hq_contrary":null,"ParentID":null,"IndexID":null,"isActive":null,"Disabled":0},{"Kode_Departemen":"CD","Nama_Departemen":"Compliance Department","Kode_Headquarter":"ICD","NIK":null,"kd_dept_asal":null,"nama_dept_asal":null,"kd_hq_asal":null,"kd_hq_contrary":null,"ParentID":null,"IndexID":null,"isActive":null,"Disabled":0},{"Kode_Departemen":"CMD","Nama_Departemen":"Commercial Department","Kode_Headquarter":"CPHQ","NIK":null,"kd_dept_asal":null,"nama_dept_asal":null,"kd_hq_asal":null,"kd_hq_contrary":null,"ParentID":null,"IndexID":null,"isActive":null,"Disabled":0},{"Kode_Departemen":"CPD","Nama_Departemen":"Corporate Planning Division","Kode_Headquarter":"CPD","NIK":null,"kd_dept_asal":"CPD","nama_dept_asal":"Corporate Planning Division","kd_hq_asal":"CPD","kd_hq_contrary":"CPD","ParentID":1,"IndexID":"600","isActive":1,"Disabled":1},{"Kode_Departemen":"CPHQ","Nama_Departemen":"Corporate Planning Headquarter","Kode_Headquarter":"CPHQ","NIK":null,"kd_dept_asal":null,"nama_dept_asal":null,"kd_hq_asal":null,"kd_hq_contrary":null,"ParentID":null,"IndexID":null,"isActive":null,"Disabled":0},{"Kode_Departemen":"DAD","Nama_Departemen":"Distribution Affairs Dept.","Kode_Headquarter":"SAHQ","NIK":null,"kd_dept_asal":"DAD","nama_dept_asal":"Distribution Affairs Dept.","kd_hq_asal":"SAHQ","kd_hq_contrary":"MKHQ","ParentID":2,"IndexID":"z23","isActive":0,"Disabled":1},{"Kode_Departemen":"DBD","Nama_Departemen":"Domestic Business Dept.","Kode_Headquarter":"ISPD","NIK":null,"kd_dept_asal":"DBD","nama_dept_asal":"Domestic Business Dept.","kd_hq_asal":"ISPD","kd_hq_contrary":"ISPD","ParentID":2,"IndexID":"501","isActive":1,"Disabled":1},{"Kode_Departemen":"DIR","Nama_Departemen":"Director","Kode_Headquarter":"DIR","NIK":null,"kd_dept_asal":"DIR","nama_dept_asal":"Director","kd_hq_asal":"DIR","kd_hq_contrary":"DIR","ParentID":1,"IndexID":"100","isActive":0,"Disabled":1},{"Kode_Departemen":"DIV1","Nama_Departemen":"Division 1","Kode_Headquarter":"MFHQ","NIK":null,"kd_dept_asal":null,"nama_dept_asal":null,"kd_hq_asal":null,"kd_hq_contrary":null,"ParentID":null,"IndexID":null,"isActive":null,"Disabled":0},{"Kode_Departemen":"DIV2","Nama_Departemen":"Division 2","Kode_Headquarter":"MFHQ","NIK":null,"kd_dept_asal":null,"nama_dept_asal":null,"kd_hq_asal":null,"kd_hq_contrary":null,"ParentID":null,"IndexID":null,"isActive":null,"Disabled":0},{"Kode_Departemen":"DSAD","Nama_Departemen":"Distribution & Sales Administration Dept.","Kode_Headquarter":"SAHQ","NIK":null,"kd_dept_asal":null,"nama_dept_asal":null,"kd_hq_asal":null,"kd_hq_contrary":null,"ParentID":2,"IndexID":"z20","isActive":0,"Disabled":1},{"Kode_Departemen":"DSPD","Nama_Departemen":"Domestic Sales Planning Department","Kode_Headquarter":"MSHQ","NIK":null,"kd_dept_asal":null,"nama_dept_asal":null,"kd_hq_asal":null,"kd_hq_contrary":null,"ParentID":null,"IndexID":null,"isActive":null,"Disabled":1},{"Kode_Departemen":"FAD","Nama_Departemen":"Factory Administration","Kode_Headquarter":"ADHQ","NIK":null,"kd_dept_asal":null,"nama_dept_asal":null,"kd_hq_asal":null,"kd_hq_contrary":null,"ParentID":2,"IndexID":"z19","isActive":0,"Disabled":1},{"Kode_Departemen":"FIN","Nama_Departemen":"Financial Department","Kode_Headquarter":"CPHQ","NIK":"03.34","kd_dept_asal":"FIN","nama_dept_asal":"Financial Dept.","kd_hq_asal":"CPD","kd_hq_contrary":"CPD","ParentID":2,"IndexID":"601","isActive":1,"Disabled":0},{"Kode_Departemen":"GA","Nama_Departemen":"General Affairs Department","Kode_Headquarter":"ADHQ","NIK":null,"kd_dept_asal":"GA","nama_dept_asal":"General Affairs Dept.","kd_hq_asal":"ADHQ","kd_hq_contrary":"ADHQ","ParentID":2,"IndexID":"801","isActive":1,"Disabled":1},{"Kode_Departemen":"GAB","Nama_Departemen":"General Affairs - Bandung","Kode_Headquarter":"ADHQ","NIK":null,"kd_dept_asal":"GAB","nama_dept_asal":"General Affairs - Bandung","kd_hq_asal":"ADHQ","kd_hq_contrary":"ADHQ","ParentID":2,"IndexID":"z16","isActive":0,"Disabled":1},{"Kode_Departemen":"GAJ","Nama_Departemen":"General Affairs - Jakarta","Kode_Headquarter":"ADHQ","NIK":null,"kd_dept_asal":"GAJ","nama_dept_asal":"General Affairs - Jakarta","kd_hq_asal":"ADHQ","kd_hq_contrary":"ADHQ","ParentID":2,"IndexID":"z17","isActive":0,"Disabled":1},{"Kode_Departemen":"HIDD","Nama_Departemen":"Hospital / Institution Distribution Dept.","Kode_Headquarter":"SAHQ","NIK":null,"kd_dept_asal":null,"nama_dept_asal":null,"kd_hq_asal":null,"kd_hq_contrary":null,"ParentID":2,"IndexID":"z18","isActive":0,"Disabled":1},{"Kode_Departemen":"HRD","Nama_Departemen":"Human Resources Department","Kode_Headquarter":"ADHQ","NIK":null,"kd_dept_asal":"HRD","nama_dept_asal":"Human Resources Dept.","kd_hq_asal":"ADHQ","kd_hq_contrary":"ADHQ","ParentID":2,"IndexID":"802","isActive":1,"Disabled":1},{"Kode_Departemen":"HRGA","Nama_Departemen":"Human Resources & General Affairs Department","Kode_Headquarter":"ADHQ","NIK":null,"kd_dept_asal":"HRD;GA","nama_dept_asal":"Human Resources & General Affairs Dept.","kd_hq_asal":"ADHQ","kd_hq_contrary":"ADHQ","ParentID":2,"IndexID":"z15","isActive":1,"Disabled":0},{"Kode_Departemen":"ICD","Nama_Departemen":"Internal Control Division","Kode_Headquarter":"ICD","NIK":null,"kd_dept_asal":null,"nama_dept_asal":null,"kd_hq_asal":null,"kd_hq_contrary":null,"ParentID":null,"IndexID":null,"isActive":null,"Disabled":0},{"Kode_Departemen":"ISPD","Nama_Departemen":"International Sales Planning Division","Kode_Headquarter":"ISPD","NIK":null,"kd_dept_asal":"ISPD","nama_dept_asal":"International Sales Planning Division","kd_hq_asal":"ISPD","kd_hq_contrary":"ISPD","ParentID":1,"IndexID":"500","isActive":1,"Disabled":1},{"Kode_Departemen":"ITD","Nama_Departemen":"Information Technology Department","Kode_Headquarter":"ADHQ","NIK":"92.01","kd_dept_asal":"ITD","nama_dept_asal":"Information Technology Dept.","kd_hq_asal":"ADHQ","kd_hq_contrary":"ADHQ","ParentID":2,"IndexID":"803","isActive":1,"Disabled":0},{"Kode_Departemen":"KAM","Nama_Departemen":"Key Account Management Department","Kode_Headquarter":"MSHQ","NIK":null,"kd_dept_asal":"KAM","nama_dept_asal":"Key Account Management","kd_hq_asal":"SAHQ","kd_hq_contrary":"MKHQ","ParentID":null,"IndexID":null,"isActive":1,"Disabled":1},{"Kode_Departemen":"KAME","Nama_Departemen":"Key Account Management Department - East","Kode_Headquarter":"MSHQ","NIK":null,"kd_dept_asal":"KAM","nama_dept_asal":"Key Account Management","kd_hq_asal":"SAHQ","kd_hq_contrary":"MKHQ","ParentID":null,"IndexID":null,"isActive":1,"Disabled":1},{"Kode_Departemen":"KAMW","Nama_Departemen":"Key Account Management Department - West","Kode_Headquarter":"MSHQ","NIK":null,"kd_dept_asal":"KAM","nama_dept_asal":"Key Account Management","kd_hq_asal":"SAHQ","kd_hq_contrary":"MKHQ","ParentID":null,"IndexID":null,"isActive":1,"Disabled":1},{"Kode_Departemen":"LCAD","Nama_Departemen":"Legal Corporate Affairs Department","Kode_Headquarter":"LCAD","NIK":null,"kd_dept_asal":null,"nama_dept_asal":null,"kd_hq_asal":null,"kd_hq_contrary":null,"ParentID":2,"IndexID":"z12","isActive":0,"Disabled":1},{"Kode_Departemen":"LCHQ","Nama_Departemen":"Legal & Corporate Affairs Headquarters","Kode_Headquarter":"ADHQ","NIK":"06.08","kd_dept_asal":null,"nama_dept_asal":null,"kd_hq_asal":null,"kd_hq_contrary":null,"ParentID":1,"IndexID":"z1","isActive":0,"Disabled":1},{"Kode_Departemen":"LGD","Nama_Departemen":"Legal Dept.","Kode_Headquarter":"ADHQ","NIK":null,"kd_dept_asal":null,"nama_dept_asal":null,"kd_hq_asal":null,"kd_hq_contrary":null,"ParentID":2,"IndexID":"x13","isActive":0,"Disabled":1},{"Kode_Departemen":"MD","Nama_Departemen":"Marketing Division","Kode_Headquarter":"MSHQ","NIK":null,"kd_dept_asal":"MD","nama_dept_asal":"MD","kd_hq_asal":"MSHQ","kd_hq_contrary":"MSHQ","ParentID":null,"IndexID":null,"isActive":1,"Disabled":1},{"Kode_Departemen":"MFHQ","Nama_Departemen":"Manufacturing Headquarters","Kode_Headquarter":"MFHQ","NIK":null,"kd_dept_asal":"MFHQ","nama_dept_asal":"Manufacturing Headquarters","kd_hq_asal":"MFHQ","kd_hq_contrary":"PDHQ","ParentID":null,"IndexID":null,"isActive":1,"Disabled":0},{"Kode_Departemen":"MISD","Nama_Departemen":"Marketing Information System Dept.","Kode_Headquarter":"SAHQ","NIK":null,"kd_dept_asal":null,"nama_dept_asal":null,"kd_hq_asal":null,"kd_hq_contrary":null,"ParentID":2,"IndexID":"x14","isActive":1,"Disabled":1},{"Kode_Departemen":"MKHQ","Nama_Departemen":"Marketing Headquarters","Kode_Headquarter":"MKHQ","NIK":null,"kd_dept_asal":"MKHQ","nama_dept_asal":"Marketing Headquarters","kd_hq_asal":"MKHQ","kd_hq_contrary":"SAHQ","ParentID":1,"IndexID":"z2","isActive":0,"Disabled":1},{"Kode_Departemen":"MSAC","Nama_Departemen":"Marketing Sales Administration & CoC Dept.","Kode_Headquarter":"MSHQ","NIK":null,"kd_dept_asal":"DSAD","nama_dept_asal":"Distribution & Sales Administration Dept.","kd_hq_asal":"SAHQ","kd_hq_contrary":"MKHQ","ParentID":2,"IndexID":"402","isActive":1,"Disabled":1},{"Kode_Departemen":"MSD","Nama_Departemen":"Medical Service Dept.","Kode_Headquarter":"MSHQ","NIK":null,"kd_dept_asal":"MSD","nama_dept_asal":"Medical Service Dept.","kd_hq_asal":"MKHQ","kd_hq_contrary":"SAHQ","ParentID":2,"IndexID":"409","isActive":1,"Disabled":1},{"Kode_Departemen":"MSHQ","Nama_Departemen":"Marketing & Sales Headquarter","Kode_Headquarter":"MSHQ","NIK":null,"kd_dept_asal":"MSHQ","nama_dept_asal":"Marketing & Sales Headquarter","kd_hq_asal":"MSHQ","kd_hq_contrary":"SAHQ","ParentID":1,"IndexID":"400","isActive":0,"Disabled":0},{"Kode_Departemen":"MU","Nama_Departemen":"Utility & Maintenance Dept.","Kode_Headquarter":"PDHQ","NIK":null,"kd_dept_asal":"PDMU","nama_dept_asal":"Utility & Maintenance Dept.","kd_hq_asal":"PDHQ","kd_hq_contrary":"PDHQ","ParentID":2,"IndexID":"703","isActive":1,"Disabled":1},{"Kode_Departemen":"NDBD","Nama_Departemen":"Non Domestic Business Dept.","Kode_Headquarter":"ISPD","NIK":null,"kd_dept_asal":"ABD","nama_dept_asal":"Asian Business Development Dept.","kd_hq_asal":"CPD","kd_hq_contrary":"CPD","ParentID":2,"IndexID":"502","isActive":0,"Disabled":1},{"Kode_Departemen":"NSD","Nama_Departemen":"National Sales Department","Kode_Headquarter":"MSHQ","NIK":null,"kd_dept_asal":"NSD","nama_dept_asal":"National Sales Dept.","kd_hq_asal":"SAHQ","kd_hq_contrary":"MKHQ","ParentID":2,"IndexID":"401","isActive":1,"Disabled":0},{"Kode_Departemen":"OSHE","Nama_Departemen":"OSHE Dept.","Kode_Headquarter":"PDHQ","NIK":null,"kd_dept_asal":null,"nama_dept_asal":null,"kd_hq_asal":null,"kd_hq_contrary":null,"ParentID":2,"IndexID":"z11","isActive":0,"Disabled":1},{"Kode_Departemen":"PD","Nama_Departemen":"Production Department","Kode_Headquarter":"MFHQ","NIK":null,"kd_dept_asal":"PRO1;PRO2","nama_dept_asal":null,"kd_hq_asal":"PDHQ","kd_hq_contrary":"PDHQ","ParentID":null,"IndexID":null,"isActive":1,"Disabled":1},{"Kode_Departemen":"PDC","Nama_Departemen":"Performance Development & CoC Department","Kode_Headquarter":"MSHQ","NIK":null,"kd_dept_asal":"MSAC;DSAD","nama_dept_asal":"Distribution & Sales Administration Dept.","kd_hq_asal":"SAHQ","kd_hq_contrary":"MKHQ","ParentID":null,"IndexID":null,"isActive":1,"Disabled":1},{"Kode_Departemen":"PDEV","Nama_Departemen":"Performance Development Department","Kode_Headquarter":"MSHQ","NIK":null,"kd_dept_asal":"PDC","nama_dept_asal":"Performance Development & CoC Department","kd_hq_asal":"SAHQ","kd_hq_contrary":"MKHQ","ParentID":null,"IndexID":null,"isActive":1,"Disabled":1},{"Kode_Departemen":"PDHQ","Nama_Departemen":"Production Headquarter","Kode_Headquarter":"PDHQ","NIK":"82.17","kd_dept_asal":"PDHQ","nama_dept_asal":"Production Headquarter","kd_hq_asal":"PDHQ","kd_hq_contrary":"PDHQ","ParentID":1,"IndexID":"700","isActive":0,"Disabled":1},{"Kode_Departemen":"Pdir","Nama_Departemen":"President Director","Kode_Headquarter":"PD","NIK":null,"kd_dept_asal":"PD","nama_dept_asal":"President Director","kd_hq_asal":"PD","kd_hq_contrary":"PD","ParentID":0,"IndexID":"000","isActive":0,"Disabled":1},{"Kode_Departemen":"PKAD","Nama_Departemen":"Performance & Key Account Department","Kode_Headquarter":"MSHQ","NIK":null,"kd_dept_asal":null,"nama_dept_asal":null,"kd_hq_asal":null,"kd_hq_contrary":null,"ParentID":null,"IndexID":null,"isActive":null,"Disabled":0},{"Kode_Departemen":"PLAN","Nama_Departemen":"Planning Dept.","Kode_Headquarter":"PDHQ","NIK":null,"kd_dept_asal":"PDPL","nama_dept_asal":"Planning Dept.","kd_hq_asal":"PDHQ","kd_hq_contrary":"PDHQ","ParentID":2,"IndexID":"706","isActive":1,"Disabled":1},{"Kode_Departemen":"PM","Nama_Departemen":"Product Manager","Kode_Headquarter":"SAHQ","NIK":null,"kd_dept_asal":"PM","nama_dept_asal":"Product Manager","kd_hq_asal":"SAHQ","kd_hq_contrary":"MKHQ","ParentID":2,"IndexID":"404","isActive":1,"Disabled":1},{"Kode_Departemen":"PMD","Nama_Departemen":"Product Management Department","Kode_Headquarter":"MSHQ","NIK":null,"kd_dept_asal":"PMD","nama_dept_asal":"Product Management Dept.","kd_hq_asal":"MKHQ","kd_hq_contrary":"SAHQ","ParentID":2,"IndexID":"405","isActive":1,"Disabled":0},{"Kode_Departemen":"PPIC","Nama_Departemen":"Production Planning and Inventory Control Dept.","Kode_Headquarter":"PDHQ","NIK":"82.17","kd_dept_asal":null,"nama_dept_asal":null,"kd_hq_asal":null,"kd_hq_contrary":null,"ParentID":2,"IndexID":"z8","isActive":0,"Disabled":1},{"Kode_Departemen":"PRO1","Nama_Departemen":"Production 1 Dept.","Kode_Headquarter":"MFHQ","NIK":null,"kd_dept_asal":"PDPR I","nama_dept_asal":"Production I Dept.","kd_hq_asal":"PDHQ","kd_hq_contrary":"PDHQ","ParentID":2,"IndexID":"707","isActive":1,"Disabled":0},{"Kode_Departemen":"PRO2","Nama_Departemen":"Production 2 Dept.","Kode_Headquarter":"MFHQ","NIK":null,"kd_dept_asal":"PDPR II","nama_dept_asal":"Production II Dept.","kd_hq_asal":"PDHQ","kd_hq_contrary":"PDHQ","ParentID":2,"IndexID":"708","isActive":1,"Disabled":0},{"Kode_Departemen":"PROD","Nama_Departemen":"Production Dept.","Kode_Headquarter":"PDHQ","NIK":"95.16","kd_dept_asal":"PROD","nama_dept_asal":"Production Dept.","kd_hq_asal":"PDHQ","kd_hq_contrary":"PDHQ","ParentID":2,"IndexID":"z7","isActive":0,"Disabled":1},{"Kode_Departemen":"PSCD","Nama_Departemen":"Planning & Supply Chain Management Department","Kode_Headquarter":"MFHQ","NIK":null,"kd_dept_asal":"PLAN;SCMD","nama_dept_asal":null,"kd_hq_asal":"PDHQ","kd_hq_contrary":"PDHQ","ParentID":null,"IndexID":null,"isActive":1,"Disabled":0},{"Kode_Departemen":"QA","Nama_Departemen":"Quality Affairs Dept.","Kode_Headquarter":"PDHQ","NIK":"98.25","kd_dept_asal":"QA","nama_dept_asal":"Quality Affairs Dept.","kd_hq_asal":"PDHQ","kd_hq_contrary":"PDHQ","ParentID":2,"IndexID":"z9","isActive":0,"Disabled":1},{"Kode_Departemen":"QA1","Nama_Departemen":"Quality Assurance Dept.","Kode_Headquarter":"PDHQ","NIK":null,"kd_dept_asal":"PDQA","nama_dept_asal":"Quality Assurance Dept.","kd_hq_asal":"PDHQ","kd_hq_contrary":"PDHQ","ParentID":2,"IndexID":"705","isActive":1,"Disabled":1},{"Kode_Departemen":"QAD","Nama_Departemen":"Quality Assurance Department","Kode_Headquarter":"MFHQ","NIK":null,"kd_dept_asal":null,"nama_dept_asal":null,"kd_hq_asal":null,"kd_hq_contrary":null,"ParentID":null,"IndexID":null,"isActive":null,"Disabled":0},{"Kode_Departemen":"QAPD","Nama_Departemen":"Quality Assurance & Pharmacovigilance Department","Kode_Headquarter":"MFHQ","NIK":null,"kd_dept_asal":"QAD","nama_dept_asal":"PDHQ","kd_hq_asal":"PDHQ","kd_hq_contrary":"PDHQ","ParentID":null,"IndexID":null,"isActive":null,"Disabled":0},{"Kode_Departemen":"QC","Nama_Departemen":"Quality Control Dept.","Kode_Headquarter":"PDHQ","NIK":null,"kd_dept_asal":"PDQC","nama_dept_asal":"Quality Control Dept.","kd_hq_asal":"PDHQ","kd_hq_contrary":"PDHQ","ParentID":2,"IndexID":"704","isActive":1,"Disabled":1},{"Kode_Departemen":"QCD","Nama_Departemen":"Quality Control Department","Kode_Headquarter":"MFHQ","NIK":null,"kd_dept_asal":null,"nama_dept_asal":null,"kd_hq_asal":null,"kd_hq_contrary":null,"ParentID":null,"IndexID":null,"isActive":null,"Disabled":0},{"Kode_Departemen":"R-1","Nama_Departemen":"Region I","Kode_Headquarter":"MSHQ","NIK":null,"kd_dept_asal":"R-1","nama_dept_asal":"Region I","kd_hq_asal":"SAHQ","kd_hq_contrary":"MKHQ","ParentID":2,"IndexID":"406","isActive":1,"Disabled":0},{"Kode_Departemen":"R-2","Nama_Departemen":"Region II","Kode_Headquarter":"MSHQ","NIK":null,"kd_dept_asal":"R-2","nama_dept_asal":"Region II","kd_hq_asal":"SAHQ","kd_hq_contrary":"MKHQ","ParentID":2,"IndexID":"407","isActive":1,"Disabled":0},{"Kode_Departemen":"R-3","Nama_Departemen":"Region III","Kode_Headquarter":"MSHQ","NIK":null,"kd_dept_asal":"R-3","nama_dept_asal":"Region III","kd_hq_asal":"SAHQ","kd_hq_contrary":"MKHQ","ParentID":2,"IndexID":"408","isActive":1,"Disabled":0},{"Kode_Departemen":"R-3a","Nama_Departemen":"Region IIIa","Kode_Headquarter":"SAHQ","NIK":"83.05","kd_dept_asal":null,"nama_dept_asal":null,"kd_hq_asal":null,"kd_hq_contrary":null,"ParentID":2,"IndexID":"z10","isActive":0,"Disabled":1},{"Kode_Departemen":"R-4","Nama_Departemen":"Region IV","Kode_Headquarter":"MSHQ","NIK":null,"kd_dept_asal":"R-4","nama_dept_asal":"Region IV","kd_hq_asal":"SAHQ","kd_hq_contrary":"MKHQ","ParentID":2,"IndexID":"410","isActive":1,"Disabled":0},{"Kode_Departemen":"R-4a","Nama_Departemen":"Region IVa","Kode_Headquarter":"SAHQ","NIK":null,"kd_dept_asal":null,"nama_dept_asal":null,"kd_hq_asal":null,"kd_hq_contrary":null,"ParentID":2,"IndexID":"z6","isActive":0,"Disabled":1},{"Kode_Departemen":"R-5","Nama_Departemen":"Region V","Kode_Headquarter":"MSHQ","NIK":null,"kd_dept_asal":"R-5","nama_dept_asal":"Region V","kd_hq_asal":"SAHQ","kd_hq_contrary":"MKHQ","ParentID":2,"IndexID":"412","isActive":1,"Disabled":1},{"Kode_Departemen":"R-6","Nama_Departemen":"Region VI","Kode_Headquarter":"MSHQ","NIK":null,"kd_dept_asal":"R-6","nama_dept_asal":"Region VI","kd_hq_asal":"SAHQ","kd_hq_contrary":"MKHQ","ParentID":2,"IndexID":"413","isActive":1,"Disabled":1},{"Kode_Departemen":"RA1","Nama_Departemen":"Regulatory Affairs & Pharmacovigilance Dept.","Kode_Headquarter":"CPD","NIK":null,"kd_dept_asal":"RAPD","nama_dept_asal":"Regulatory Affairs & Pharmacovigilance Dept.","kd_hq_asal":"CPD","kd_hq_contrary":"CPD","ParentID":2,"IndexID":"602","isActive":1,"Disabled":1},{"Kode_Departemen":"RAD","Nama_Departemen":"Regulatory Affairs Department","Kode_Headquarter":"CPHQ","NIK":null,"kd_dept_asal":"RAPD","nama_dept_asal":"Regulatory Affairs Dept.","kd_hq_asal":"CPD","kd_hq_contrary":"CPD","ParentID":2,"IndexID":"z5","isActive":1,"Disabled":0},{"Kode_Departemen":"RAPD","Nama_Departemen":"Regulatory Affairs & Pharmacovigilance Department","Kode_Headquarter":"CPHQ","NIK":null,"kd_dept_asal":null,"nama_dept_asal":null,"kd_hq_asal":null,"kd_hq_contrary":null,"ParentID":null,"IndexID":null,"isActive":null,"Disabled":0},{"Kode_Departemen":"RMD","Nama_Departemen":"Risk Management Department","Kode_Headquarter":"ICD","NIK":"83.25","kd_dept_asal":null,"nama_dept_asal":null,"kd_hq_asal":null,"kd_hq_contrary":null,"ParentID":null,"IndexID":null,"isActive":null,"Disabled":0},{"Kode_Departemen":"SAHQ","Nama_Departemen":"Sales Headquarter","Kode_Headquarter":"SAHQ","NIK":null,"kd_dept_asal":"SAHQ","nama_dept_asal":"Sales Headquarter","kd_hq_asal":"SAHQ","kd_hq_contrary":"MKHQ","ParentID":1,"IndexID":"z3","isActive":0,"Disabled":1},{"Kode_Departemen":"SCMD","Nama_Departemen":"Supply Chain Management Dept.","Kode_Headquarter":"PDHQ","NIK":null,"kd_dept_asal":"SCM","nama_dept_asal":"Supply Chain Management Dept.","kd_hq_asal":"PDHQ","kd_hq_contrary":"PDHQ","ParentID":2,"IndexID":"709","isActive":1,"Disabled":1},{"Kode_Departemen":"SD","Nama_Departemen":"Sales Division","Kode_Headquarter":"MSHQ","NIK":null,"kd_dept_asal":"SD","nama_dept_asal":"Sales Division","kd_hq_asal":"MSHQ","kd_hq_contrary":"MSHQ","ParentID":null,"IndexID":null,"isActive":1,"Disabled":1},{"Kode_Departemen":"SMA","Nama_Departemen":"Sales & Marketing Administration Department","Kode_Headquarter":"MSHQ","NIK":null,"kd_dept_asal":"MSAC","nama_dept_asal":"Distribution & Sales Administration Dept.","kd_hq_asal":"SAHQ","kd_hq_contrary":"MKHQ","ParentID":2,"IndexID":null,"isActive":1,"Disabled":1},{"Kode_Departemen":"SMC","Nama_Departemen":"Sales & Marketing Compliance Department","Kode_Headquarter":"MSHQ","NIK":null,"kd_dept_asal":null,"nama_dept_asal":null,"kd_hq_asal":null,"kd_hq_contrary":null,"ParentID":null,"IndexID":null,"isActive":null,"Disabled":0},{"Kode_Departemen":"SMIC","Nama_Departemen":"Sales & Marketing Internal Control Department","Kode_Headquarter":"MSHQ","NIK":null,"kd_dept_asal":"SMA","nama_dept_asal":"Sales & Marketing Administration Department","kd_hq_asal":"SAHQ","kd_hq_contrary":"MKHQ","ParentID":null,"IndexID":null,"isActive":1,"Disabled":1},{"Kode_Departemen":"SYN","Nama_Departemen":"Synthesis Dept.","Kode_Headquarter":"PDHQ","NIK":null,"kd_dept_asal":null,"nama_dept_asal":null,"kd_hq_asal":null,"kd_hq_contrary":null,"ParentID":2,"IndexID":"z4","isActive":0,"Disabled":1},{"Kode_Departemen":"TD","Nama_Departemen":"Technical Support Department","Kode_Headquarter":"MFHQ","NIK":null,"kd_dept_asal":null,"nama_dept_asal":null,"kd_hq_asal":null,"kd_hq_contrary":null,"ParentID":null,"IndexID":null,"isActive":null,"Disabled":0},{"Kode_Departemen":"TD1","Nama_Departemen":"Technical Dept.","Kode_Headquarter":"PDHQ","NIK":null,"kd_dept_asal":"TD","nama_dept_asal":"Technical Dept.","kd_hq_asal":"PDHQ","kd_hq_contrary":"PDHQ","ParentID":2,"IndexID":"702","isActive":1,"Disabled":1},{"Kode_Departemen":"TD2","Nama_Departemen":"Technical Department","Kode_Headquarter":"MFHQ","NIK":null,"kd_dept_asal":"TD","nama_dept_asal":null,"kd_hq_asal":"PDHQ","kd_hq_contrary":"PDHQ","ParentID":null,"IndexID":null,"isActive":1,"Disabled":0},{"Kode_Departemen":"U&MD","Nama_Departemen":"Maintenance & Utility Department","Kode_Headquarter":"MFHQ","NIK":null,"kd_dept_asal":"U&MD","nama_dept_asal":"Maintenance & Utility Department","kd_hq_asal":"PDHQ","kd_hq_contrary":"PDHQ","ParentID":null,"IndexID":null,"isActive":1,"Disabled":0}]
