[{"topic_id":1,"topic_title":"bekerja dominan di RAA Sistem dan efisien di KK Sistem sehingga tidak terjadi akumulasi bradikinin yang berlebihan sehingga efek samping batuk minimal","topic_group_product":"TANAPRESS                ","topic_filepath":"../Files/SP-Topics/Tan-topik%201.jpg","topic_file_name":null,"topic_status":1},{"topic_id":2,"topic_title":"karena Tanapress meningkatkan substance P sehingga dapat meningkatkan reflex menelan pada pasien\n","topic_group_product":"TANAPRESS                ","topic_filepath":null,"topic_file_name":null,"topic_status":1},{"topic_id":3,"topic_title":"karena mendilatasi vasa eferen glomerulus ginjal sehingga tekanan intraglomerulus diturunkan dan fungsi ginjal untuk filtrasi protein diperbaiki\n","topic_group_product":"TANAPRESS                ","topic_filepath":"../Files/SP-Topics/Tan-topik%203.jpg","topic_file_name":null,"topic_status":1},{"topic_id":4,"topic_title":"karena Tanapress meningkatkan enzim PI3 Kinase sehingga meningkatkan kerja dari hormone insulin\n","topic_group_product":"TANAPRESS                ","topic_filepath":"../Files/SP-Topics/Tan-topik%204.jpg","topic_file_name":null,"topic_status":1},{"topic_id":5,"topic_title":"sesuai penelitian IMISH dan FISIC study, karena Tanapress selektif di RAAS sehingga penurunan TD lebih optimal","topic_group_product":"TANAPRESS                ","topic_filepath":"../Files/SP-Topics/Tan-topik%205.jpg","topic_file_name":null,"topic_status":1},{"topic_id":6,"topic_title":"Efektif Menurunkan TD hingga double digit (Sistolik/Diastolik : 20,3/18,7 mmHg)","topic_group_product":"HERBESSER CD             ","topic_filepath":null,"topic_file_name":null,"topic_status":1},{"topic_id":7,"topic_title":"Once Daily CCB untuk Hipertensi\n","topic_group_product":"HERBESSER CD             ","topic_filepath":null,"topic_file_name":null,"topic_status":1},{"topic_id":8,"topic_title":"Menurunkan faktor resiko stroke hingga 20 % lebih baik dibandingkan terapi konvensional \n","topic_group_product":"HERBESSER CD             ","topic_filepath":null,"topic_file_name":null,"topic_status":1},{"topic_id":9,"topic_title":"Melindungi ginjal dgn cara me ↓ proteinuria hingga 57% dibandingkan Nifedipine\n","topic_group_product":"HERBESSER CD             ","topic_filepath":null,"topic_file_name":null,"topic_status":1},{"topic_id":10,"topic_title":"Memiliki efek pengontrolan HR\n","topic_group_product":"HERBESSER CD             ","topic_filepath":null,"topic_file_name":null,"topic_status":1},{"topic_id":11,"topic_title":"Efektif untuk hipertensi emergency baik HR tinggi maupun HR normal\n","topic_group_product":"HERBESSER INJ.           ","topic_filepath":"../Files/SP-Topics/Her%20Inj%201.jpg","topic_file_name":"Her Inj 1.jpg","topic_status":1},{"topic_id":12,"topic_title":"Minimal dalam peningkatan ICP (Intra Cranial Pressure) \n","topic_group_product":"HERBESSER INJ.           ","topic_filepath":"../Files/SP-Topics/Her%20Inj%202.jpg","topic_file_name":"Her Inj 2.jpg","topic_status":1},{"topic_id":13,"topic_title":"Efektif  untuk perawatan emergency pada Hipertensi abnormal selama operasi\n","topic_group_product":"HERBESSER INJ.           ","topic_filepath":"../Files/SP-Topics/Her%20Inj%203.jpg","topic_file_name":"Her Inj 3.jpg","topic_status":1},{"topic_id":14,"topic_title":"Easy To USE dengan dosis rekomendasi 5-15µg/KgBB/menit\n","topic_group_product":"HERBESSER INJ.           ","topic_filepath":"../Files/SP-Topics/Her%20Inj%204.jpg","topic_file_name":"Her Inj 4.jpg","topic_status":1},{"topic_id":15,"topic_title":"Sedian yang lengkap untuk \"Main therapy\" dan \"Maintenance therapy \"untuk Hipertensi Emergency\n","topic_group_product":"HERBESSER INJ.           ","topic_filepath":"../Files/SP-Topics/Her%20Inj%205.jpg","topic_file_name":"Her Inj 5.jpg","topic_status":1},{"topic_id":16,"topic_title":"Terbukti efektif Me ↓ TD & HR pada pasien usia muda & usia lanjut dengan simpatis yg tinggi\n","topic_group_product":"MAINTATE                 ","topic_filepath":"../Files/SP-Topics/Main%201.jpg","topic_file_name":null,"topic_status":0},{"topic_id":17,"topic_title":"Aman untuk DM, fungsi seksual pria, metabolisme lipid dan glukosa\n","topic_group_product":"MAINTATE                 ","topic_filepath":"../Files/SP-Topics/Main%202.jpg","topic_file_name":null,"topic_status":0},{"topic_id":18,"topic_title":"Terbukti dapat meningkatkan kualitas hidup pasien CHF\n","topic_group_product":"MAINTATE                 ","topic_filepath":null,"topic_file_name":null,"topic_status":0},{"topic_id":19,"topic_title":"Terbukti lebih efektif dari Atenolol dalam me ↓ Tekanan Darah\n","topic_group_product":"MAINTATE                 ","topic_filepath":null,"topic_file_name":null,"topic_status":0},{"topic_id":20,"topic_title":"Terbukti efektif dalam me ↓ serangan angina sebesar 89%\n","topic_group_product":"MAINTATE                 ","topic_filepath":null,"topic_file_name":null,"topic_status":0},{"topic_id":21,"topic_title":"Memiliki gugus cycloprophil, membuat penghambatan HMG-CoA Reductase lebih optimal sehingga efek terhadap ubiquinone dan isoprenoid lebih minimal\n","topic_group_product":"LIVALO                   ","topic_filepath":null,"topic_file_name":null,"topic_status":1},{"topic_id":22,"topic_title":"karena Livalo menghambat ubiquinone lebih minimal sehingga efek terhadap CPK juga lebih minimal","topic_group_product":"LIVALO                   ","topic_filepath":null,"topic_file_name":null,"topic_status":1},{"topic_id":23,"topic_title":"karena Livalo memperbaiki disfungsi endotel pada glomerulus ginjal\n","topic_group_product":"LIVALO                   ","topic_filepath":null,"topic_file_name":null,"topic_status":1},{"topic_id":24,"topic_title":"karena Livalo mempunyai kemampuan untuk menstabilkan plaq dengan cara menurunkan marker peradangan (HsCRP) dan juga memperbaiki disfungsi endotel\n","topic_group_product":"LIVALO                   ","topic_filepath":"../Files/SP-Topics/liv%204.jpg","topic_file_name":null,"topic_status":1},{"topic_id":25,"topic_title":"Memiliki gugus cycloprophil membuat penghambatan enzim HmgCoA lebih optimal sehingga LDL dapat turun dan meningkatkan Apo A1 sehingga HDL meningkat\n","topic_group_product":"LIVALO                   ","topic_filepath":null,"topic_file_name":null,"topic_status":1},{"topic_id":26,"topic_title":"sifatnya hidrofilik, 45% molekul bebas terdistribusi ke jaringan inflamasi, sebagai substrat P-gp tidak mempengaruhi absorpsi pada usus halus\n","topic_group_product":"TALION                   ","topic_filepath":"../Files/SP-Topics/TAON%201.jpg","topic_file_name":null,"topic_status":1},{"topic_id":27,"topic_title":"Karena Bepotastine merupakan substrat untuk P-gp, dimana P-gp secara jelas membatasi distribusi Bepotastine ke otak ( tidak menembus sawar darah otak)","topic_group_product":"TALION                   ","topic_filepath":null,"topic_file_name":null,"topic_status":1},{"topic_id":28,"topic_title":"Karena mekanisme kerja Talion selektif ke reseptor H1","topic_group_product":"TALION                   ","topic_filepath":null,"topic_file_name":null,"topic_status":1},{"topic_id":29,"topic_title":"Karena Talion tidak berinteraksi dengan obat lain\n","topic_group_product":"TALION                   ","topic_filepath":null,"topic_file_name":null,"topic_status":1},{"topic_id":30,"topic_title":"Karena farmakokinetik Talion tidak dipengaruhi makanan","topic_group_product":"TALION                   ","topic_filepath":null,"topic_file_name":null,"topic_status":1},{"topic_id":31,"topic_title":"karena tidak bersifat asam (berbeda dengan Kalium Klorida yang bersifat asam)\n","topic_group_product":"ASPAR K                  ","topic_filepath":null,"topic_file_name":null,"topic_status":1},{"topic_id":32,"topic_title":"karena absorpsi lebih baik dibanding Kalium Klorida\n","topic_group_product":"ASPAR K                  ","topic_filepath":null,"topic_file_name":null,"topic_status":1},{"topic_id":33,"topic_title":"karena sebagai suplementasi kalium ditubuh\n","topic_group_product":"ASPAR K                  ","topic_filepath":null,"topic_file_name":null,"topic_status":1},{"topic_id":34,"topic_title":"karena pemberian terapi secara infus dan mempunyai komposisi chimerik 25%\n","topic_group_product":"REMICADE                 ","topic_filepath":"../Files/SP-Topics/Remicade%201.jpg","topic_file_name":null,"topic_status":1},{"topic_id":35,"topic_title":"Initial therapy minggu ke 0,2,6 lalu tiap 6/8minggu\n","topic_group_product":"REMICADE                 ","topic_filepath":"../Files/SP-Topics/Remicade%202.jpg","topic_file_name":null,"topic_status":1},{"topic_id":36,"topic_title":"Remisi stabil selama 4tahun (Best study), Bekerja di tiga tempat (Membran, Soluble & Receptor-Bound TNF@)","topic_group_product":"REMICADE                 ","topic_filepath":"../Files/SP-Topics/Remicade%203.jpg","topic_file_name":null,"topic_status":1},{"topic_id":37,"topic_title":"Pada saat pemberian dibawah dibawah pengawasan HCP dan infusnya hanya sekitar 2 jam\n","topic_group_product":"REMICADE                 ","topic_filepath":"../Files/SP-Topics/Remicade%204.jpg","topic_file_name":null,"topic_status":1},{"topic_id":38,"topic_title":"Di Indonesia terbukti sudah diatas 10 tahun\n","topic_group_product":"REMICADE                 ","topic_filepath":"../Files/SP-Topics/Remicade%205.jpg","topic_file_name":null,"topic_status":1},{"topic_id":39,"topic_title":"Fully Human\n","topic_group_product":"SIMPONI                  ","topic_filepath":"../Files/SP-Topics/Brosur%20Simponi%20001.jpg","topic_file_name":"Brosur Simponi 001.jpg","topic_status":1},{"topic_id":40,"topic_title":"Sediaan innovative (autoinjector) sehingga nyaman saat diinjeksikan\n","topic_group_product":"SIMPONI                  ","topic_filepath":"../Files/SP-Topics/Brosur%20Simponi%20002.jpg","topic_file_name":"Brosur Simponi 002.jpg","topic_status":1},{"topic_id":41,"topic_title":"1X sebulan\n","topic_group_product":"SIMPONI                  ","topic_filepath":"../Files/SP-Topics/Brosur%20Simponi%20003.jpg","topic_file_name":"Brosur Simponi 003.jpg","topic_status":1},{"topic_id":43,"topic_title":"Harga initial therapy lebih kompetitif dibanding biologic agent lainnya\n","topic_group_product":"SIMPONI                  ","topic_filepath":"../Files/SP-Topics/Brosur%20Simponi%20004.jpg","topic_file_name":"Brosur Simponi 004.jpg","topic_status":1},{"topic_id":44,"topic_title":"karena mekanisme kerja dari Arixtra","topic_group_product":"ARIXTRA                  ","topic_filepath":"../Files/SP-Topics/Arixtra%201.jpg","topic_file_name":null,"topic_status":1},{"topic_id":45,"topic_title":"karena Arixtra selektif hanya menghambat factor Xa sehingga efek perdarahan lebih minimal\n","topic_group_product":"ARIXTRA                  ","topic_filepath":"../Files/SP-Topics/Arixtra%202.jpg","topic_file_name":null,"topic_status":1},{"topic_id":46,"topic_title":"karena Arixtra memiliki efek perdarahan yang lebih minimal dibandingkan Enoxparin sehingga secara kualitas hidup lebih baik","topic_group_product":"ARIXTRA                  ","topic_filepath":"../Files/SP-Topics/Arixtra%203.jpg","topic_file_name":null,"topic_status":1},{"topic_id":47,"topic_title":"karena Arixtra memiliki waktu paruh 17 jam sehingga menjamin peggunaan 1 x sehari\n","topic_group_product":"ARIXTRA                  ","topic_filepath":"../Files/SP-Topics/Arixtra%204.jpg","topic_file_name":null,"topic_status":1},{"topic_id":48,"topic_title":"karena sesuai dengan guideline ESC 2015\n","topic_group_product":"ARIXTRA                  ","topic_filepath":null,"topic_file_name":null,"topic_status":1},{"topic_id":53,"topic_title":"karena Ubi-Q berperan dalam transfer elektron untuk selanjutnya digunakan dalam pembentukan energi di mitokondria","topic_group_product":"UBI-Q                    ","topic_filepath":null,"topic_file_name":null,"topic_status":1},{"topic_id":54,"topic_title":"karena Ubi-q berperan dalam pembentukan energi di otot jantung, dimana distribusi ubiquinone terbesar dalam tubuh ada di jantung","topic_group_product":"UBI-Q                    ","topic_filepath":"../Files/SP-Topics/UBIQ%202.jpg","topic_file_name":null,"topic_status":1},{"topic_id":55,"topic_title":"karena Ubi-Q mampu melengkapi ubiquinone yang hilang pada penggunaan statin","topic_group_product":"UBI-Q                    ","topic_filepath":"../Files/SP-Topics/UBIQ%203.jpg","topic_file_name":null,"topic_status":1},{"topic_id":57,"topic_title":"karena Ubi-Q bekerja dalam pembentukan ATP untuk energi ","topic_group_product":"UBI-Q                    ","topic_filepath":"../Files/SP-Topics/UBIQ%204.jpg","topic_file_name":null,"topic_status":1},{"topic_id":58,"topic_title":"karena Sediaan licaps --> teknologi khusus untuk zat aktif cair sehingga mempercepat absorbsi dalam tubuh","topic_group_product":"UBI-Q                    ","topic_filepath":"../Files/SP-Topics/UBIQ%205.jpg","topic_file_name":null,"topic_status":1},{"topic_id":59,"topic_title":"Menurunkan profil lipid LDL dan TG, peningkatan HDL serta menurunkan HsCRP sehingga memberikan impact terhadap penurunan kejadian CV hingga 19%","topic_group_product":"LIVALO                   ","topic_filepath":null,"topic_file_name":null,"topic_status":1},{"topic_id":60,"topic_title":"Terbukti efektif Me ↓ TD & HR pada pasien usia muda & usia lanjut dengan simpatis yg tinggi","topic_group_product":"MAINTATE                 ","topic_filepath":"../Files/SP-Topics/Main%201.jpg","topic_file_name":"Main 1.jpg","topic_status":1},{"topic_id":61,"topic_title":"Terbukti efektif dalam me ↓ serangan angina sebesar 89%","topic_group_product":"MAINTATE                 ","topic_filepath":null,"topic_file_name":null,"topic_status":1},{"topic_id":62,"topic_title":"Aman untuk DM, fungsi seksual pria, metabolisme lipid dan glukosa\n","topic_group_product":"MAINTATE                 ","topic_filepath":null,"topic_file_name":null,"topic_status":1},{"topic_id":63,"topic_title":"Terbukti dapat meningkatkan kualitas hidup pasien CHF","topic_group_product":"MAINTATE                 ","topic_filepath":null,"topic_file_name":null,"topic_status":1},{"topic_id":64,"topic_title":"Terbukti lebih efektif dari Atenolol dalam me ↓ Tekanan Darah","topic_group_product":"MAINTATE                 ","topic_filepath":null,"topic_file_name":null,"topic_status":1},{"topic_id":65,"topic_title":"Marcain Spinal Heavy is safety due to sterilization","topic_group_product":"MARCAIN                  ","topic_filepath":"../Files/SP-Topics/MARCAIN%20SPINAL%201.jpg","topic_file_name":"MARCAIN SPINAL 1.jpg","topic_status":1},{"topic_id":66,"topic_title":"Original Diprivan is painful as same as local propofol!","topic_group_product":"DIPRIVAN                 ","topic_filepath":"../Files/SP-Topics/DIPRIVAN.jpg","topic_file_name":"DIPRIVAN.jpg","topic_status":1},{"topic_id":67,"topic_title":"Original Diprivan is Safety due to low moratality!","topic_group_product":"DIPRIVAN                 ","topic_filepath":"../Files/SP-Topics/DIP%202.jpg","topic_file_name":"DIP 2.jpg","topic_status":1},{"topic_id":68,"topic_title":"Original Diprivan is Safety due to low bacteria incubation!","topic_group_product":"DIPRIVAN                 ","topic_filepath":"../Files/SP-Topics/DIP%203.jpg","topic_file_name":"DIP 3.jpg","topic_status":1},{"topic_id":69,"topic_title":"How to use Emla to reduce pain ","topic_group_product":"EMLA                     ","topic_filepath":"../Files/SP-Topics/emla%201.jpg","topic_file_name":"emla 1.jpg","topic_status":1},{"topic_id":70,"topic_title":"Emla significantly reduce pain of injection","topic_group_product":"EMLA                     ","topic_filepath":"../Files/SP-Topics/Emla%202.jpg","topic_file_name":"Emla 2.jpg","topic_status":1},{"topic_id":71,"topic_title":"Naropin has good effectiveness compared with Levobupivacaine","topic_group_product":"NAROPIN                  ","topic_filepath":"../Files/SP-Topics/Naro%201.jpg","topic_file_name":"Naro 1.jpg","topic_status":1},{"topic_id":72,"topic_title":"Naropin has good effectiveness compared with Bupivacaine","topic_group_product":"NAROPIN                  ","topic_filepath":"../Files/SP-Topics/naro%202.jpg","topic_file_name":"naro 2.jpg","topic_status":1},{"topic_id":73,"topic_title":"Naropin has good Patient's assessment for pain management compared with Bupivacaine","topic_group_product":"NAROPIN                  ","topic_filepath":"../Files/SP-Topics/naro%203.jpg","topic_file_name":"naro 3.jpg","topic_status":1},{"topic_id":74,"topic_title":"Side effect hypotension of Naropin is significantly lower compared with Bupivacaine","topic_group_product":"NAROPIN                  ","topic_filepath":"../Files/SP-Topics/naro%204.jpg","topic_file_name":"naro 4.jpg","topic_status":1},{"topic_id":75,"topic_title":"Xylocaine Jelly is significantly less pain versus Plain gel about Cystoscopy in Women","topic_group_product":"XYLOCAINE GEL            ","topic_filepath":"../Files/SP-Topics/Xylo%20Gel%201.jpg","topic_file_name":"Xylo Gel 1.jpg","topic_status":1},{"topic_id":76,"topic_title":"Xylocaine Jelly is significantly less pain versus Plain gel about Cystoscopy in Men","topic_group_product":"XYLOCAINE GEL            ","topic_filepath":"../Files/SP-Topics/Xylo%20Gel%202.jpg","topic_file_name":"Xylo Gel 2.jpg","topic_status":1},{"topic_id":77,"topic_title":"Xylocaine Jelly significantly reduce Nasal Pain versus Lubricant gel","topic_group_product":"XYLOCAINE GEL            ","topic_filepath":"../Files/SP-Topics/Xylo%20Gel%203.jpg","topic_file_name":"Xylo Gel 3.jpg","topic_status":1},{"topic_id":78,"topic_title":"Xylocaine Jelly significantly reduce procedural pain versus aqueous gel in female urethral catheterization","topic_group_product":"XYLOCAINE GEL            ","topic_filepath":"../Files/SP-Topics/Xylo%20Gel%204.jpg","topic_file_name":"Xylo Gel 4.jpg","topic_status":1},{"topic_id":79,"topic_title":"Xylocaine Spray has rapid FAST & EFFICIENT surface anesthesia","topic_group_product":"XYLOCAINE SPRAY          ","topic_filepath":"../Files/SP-Topics/Xylo%20Spray%201.jpg","topic_file_name":"Xylo Spray 1.jpg","topic_status":1}]
