[{"o_id":"4602","o_description":"PM Arixtra","o_sbo":262,"o_status":1,"o_budget_control":1,"o_approval":1,"o_budget_control_sp":null},{"o_id":"4603","o_description":"PM Biologic","o_sbo":374,"o_status":1,"o_budget_control":1,"o_approval":1,"o_budget_control_sp":null},{"o_id":"4604","o_description":"PM Herbesser","o_sbo":461,"o_status":1,"o_budget_control":1,"o_approval":1,"o_budget_control_sp":0},{"o_id":"4605","o_description":"PM Livalo","o_sbo":373,"o_status":1,"o_budget_control":1,"o_approval":1,"o_budget_control_sp":null},{"o_id":"4606","o_description":"PM Maintate","o_sbo":461,"o_status":1,"o_budget_control":1,"o_approval":1,"o_budget_control_sp":0},{"o_id":"4607","o_description":"PM Non Cardio Vascular","o_sbo":374,"o_status":1,"o_budget_control":1,"o_approval":1,"o_budget_control_sp":null},{"o_id":"4608","o_description":"PM Tanapress","o_sbo":373,"o_status":1,"o_budget_control":1,"o_approval":1,"o_budget_control_sp":null},{"o_id":"4727","o_description":"PM Anaesthetic","o_sbo":450,"o_status":1,"o_budget_control":0,"o_approval":1,"o_budget_control_sp":0}]
