[{"cust_id":5630,"cust_name":"32 SATRIA, APT./A","cust_city":"BOGOR","cust_geo_name":"TANAH SAREAL","cust_sales_ctg":"REGULAR","cust_bo":"BGR","cust_outlet_group":"PHARMACY MITRA (MTR)","cust_outlet_channel":"PHARMACY","sbo_code":376,"sbo_code_bio":423,"sbo_code_ans":null,"sbo_code_liv":null,"cust_outlet_ctgy":"0","cust_kae":"OTHERS","cust_kam":"OTHERS","cust_kam_ctgy":"0","cust_outlet_total":0.0,"cust_outlet_type":"0","cust_focus":"0","cust_area":"2.   West Java","last_update":"2018-12-14T10:51:48.85"},{"cust_id":5644,"cust_name":"32 SEHAT, APT.","cust_city":"BOGOR","cust_geo_name":"PABATON","cust_sales_ctg":"REGULAR","cust_bo":"BGR","cust_outlet_group":"PHARMACY CHAIN (CHN)","cust_outlet_channel":"PHARMACY","sbo_code":376,"sbo_code_bio":423,"sbo_code_ans":null,"sbo_code_liv":null,"cust_outlet_ctgy":"0","cust_kae":"OTHERS","cust_kam":"OTHERS","cust_kam_ctgy":"0","cust_outlet_total":0.0,"cust_outlet_type":"0","cust_focus":"0","cust_area":"2.   West Java","last_update":"2018-12-14T10:51:50.8"},{"cust_id":5649,"cust_name":"32 KIMIA FARMA, PT./ KF 7, APT.","cust_city":"BOGOR","cust_geo_name":"PALEDANG","cust_sales_ctg":"REGULAR","cust_bo":"BGR","cust_outlet_group":"PHARMACY BPJS","cust_outlet_channel":"PHARMACY","sbo_code":376,"sbo_code_bio":423,"sbo_code_ans":null,"sbo_code_liv":null,"cust_outlet_ctgy":"0","cust_kae":"OTHERS","cust_kam":"OTHERS","cust_kam_ctgy":"0","cust_outlet_total":0.0,"cust_outlet_type":"0","cust_focus":"0","cust_area":"2.   West Java","last_update":"2018-12-14T10:51:52.43"},{"cust_id":5672,"cust_name":"32 BOGOR FARMA, CV., APT.","cust_city":"BOGOR","cust_geo_name":"GUNUNG BATU","cust_sales_ctg":"REGULAR","cust_bo":"BGR","cust_outlet_group":"PHARMACY REGULAR (REG)","cust_outlet_channel":"PHARMACY","sbo_code":376,"sbo_code_bio":423,"sbo_code_ans":null,"sbo_code_liv":null,"cust_outlet_ctgy":"0","cust_kae":"OTHERS","cust_kam":"OTHERS","cust_kam_ctgy":"0","cust_outlet_total":0.0,"cust_outlet_type":"0","cust_focus":"0","cust_area":"2.   West Java","last_update":"2018-12-14T10:51:54.483"},{"cust_id":5681,"cust_name":"32 KOTA BOGOR, RSUD.","cust_city":"BOGOR","cust_geo_name":"MENTENG","cust_sales_ctg":"REGULAR","cust_bo":"BGR","cust_outlet_group":"HOSPITAL GOVERNMENT (GVM)","cust_outlet_channel":"GOVERMENT","sbo_code":376,"sbo_code_bio":423,"sbo_code_ans":null,"sbo_code_liv":null,"cust_outlet_ctgy":"0","cust_kae":"OTHERS","cust_kam":"OTHERS","cust_kam_ctgy":"0","cust_outlet_total":0.0,"cust_outlet_type":"0","cust_focus":"0","cust_area":"2.   West Java","last_update":"2018-12-14T10:51:54.79"},{"cust_id":5684,"cust_name":"32 NAGA FARMA, APT.","cust_city":"BOGOR","cust_geo_name":"GUNUNG BATU","cust_sales_ctg":"REGULAR","cust_bo":"BGR","cust_outlet_group":"PHARMACY CHAIN (CHN)","cust_outlet_channel":"PHARMACY","sbo_code":376,"sbo_code_bio":423,"sbo_code_ans":null,"sbo_code_liv":null,"cust_outlet_ctgy":"0","cust_kae":"OTHERS","cust_kam":"OTHERS","cust_kam_ctgy":"0","cust_outlet_total":0.0,"cust_outlet_type":"0","cust_focus":"0","cust_area":"2.   West Java","last_update":"2018-12-14T10:51:54.943"},{"cust_id":5687,"cust_name":"32 SAWO JAJAR, APT.","cust_city":"BOGOR","cust_geo_name":"PABATON","cust_sales_ctg":"REGULAR","cust_bo":"BGR","cust_outlet_group":"PHARMACY INSTITUTION (INS","cust_outlet_channel":"INSTITUTION","sbo_code":376,"sbo_code_bio":423,"sbo_code_ans":null,"sbo_code_liv":null,"cust_outlet_ctgy":"0","cust_kae":"OTHERS","cust_kam":"OTHERS","cust_kam_ctgy":"0","cust_outlet_total":0.0,"cust_outlet_type":"0","cust_focus":"0","cust_area":"2.   West Java","last_update":"2018-12-14T10:51:55.133"},{"cust_id":5704,"cust_name":"32 SUMBER SEHAT, APT.","cust_city":"BOGOR","cust_geo_name":"EMPANG","cust_sales_ctg":"REGULAR","cust_bo":"BGR","cust_outlet_group":"PHARMACY REGULAR (REG)","cust_outlet_channel":"PHARMACY","sbo_code":376,"sbo_code_bio":423,"sbo_code_ans":null,"sbo_code_liv":null,"cust_outlet_ctgy":"0","cust_kae":"OTHERS","cust_kam":"OTHERS","cust_kam_ctgy":"0","cust_outlet_total":0.0,"cust_outlet_type":"0","cust_focus":"0","cust_area":"2.   West Java","last_update":"2018-12-14T10:51:56.07"},{"cust_id":5707,"cust_name":"32 MELANIA,RSU.","cust_city":"BOGOR","cust_geo_name":"EMPANG","cust_sales_ctg":"REGULAR","cust_bo":"BGR","cust_outlet_group":"HOSPITAL PRIVATE (PVT)","cust_outlet_channel":"HOSPITAL","sbo_code":376,"sbo_code_bio":423,"sbo_code_ans":null,"sbo_code_liv":null,"cust_outlet_ctgy":"0","cust_kae":"OTHERS","cust_kam":"OTHERS","cust_kam_ctgy":"0","cust_outlet_total":0.0,"cust_outlet_type":"0","cust_focus":"0","cust_area":"2.   West Java","last_update":"2018-12-14T10:51:56.24"},{"cust_id":24295,"cust_name":"32 MAXI, APT.","cust_city":"SUKABUMI","cust_geo_name":"SUKABUMI BARAT","cust_sales_ctg":"REGULAR","cust_bo":"BGR","cust_outlet_group":"PHARMACY REGULAR (REG)","cust_outlet_channel":"PHARMACY","sbo_code":376,"sbo_code_bio":423,"sbo_code_ans":null,"sbo_code_liv":null,"cust_outlet_ctgy":"0","cust_kae":"OTHERS","cust_kam":"OTHERS","cust_kam_ctgy":"0","cust_outlet_total":0.0,"cust_outlet_type":"0","cust_focus":"0","cust_area":"2.   West Java","last_update":"2018-12-14T10:56:21.3"},{"cust_id":24317,"cust_name":"32 KIMIA FARMA 8, APT.","cust_city":"SUKABUMI","cust_geo_name":"SUKABUMI TIMUR","cust_sales_ctg":"REGULAR","cust_bo":"BGR","cust_outlet_group":"PHARMACY BPJS","cust_outlet_channel":"PHARMACY","sbo_code":376,"sbo_code_bio":423,"sbo_code_ans":null,"sbo_code_liv":null,"cust_outlet_ctgy":"0","cust_kae":"OTHERS","cust_kam":"OTHERS","cust_kam_ctgy":"0","cust_outlet_total":0.0,"cust_outlet_type":"0","cust_focus":"0","cust_area":"2.   West Java","last_update":"2018-12-14T10:56:24.703"},{"cust_id":24489,"cust_name":"32 BETHA FARMA, APT.","cust_city":"SUKABUMI","cust_geo_name":"CIBADAK","cust_sales_ctg":"REGULAR","cust_bo":"BGR","cust_outlet_group":"HOSPITAL PRIVATE (PVT)","cust_outlet_channel":"HOSPITAL","sbo_code":376,"sbo_code_bio":423,"sbo_code_ans":null,"sbo_code_liv":null,"cust_outlet_ctgy":"0","cust_kae":"OTHERS","cust_kam":"OTHERS","cust_kam_ctgy":"0","cust_outlet_total":0.0,"cust_outlet_type":"0","cust_focus":"0","cust_area":"2.   West Java","last_update":"2018-12-14T10:56:40.007"},{"cust_id":24775,"cust_name":"32 SEKARWANGI, RSU.","cust_city":"SUKABUMI","cust_geo_name":"CIBADAK","cust_sales_ctg":"REGULAR","cust_bo":"BGR","cust_outlet_group":"HOSPITAL GOVERNMENT (GVM)","cust_outlet_channel":"GOVERMENT","sbo_code":376,"sbo_code_bio":423,"sbo_code_ans":null,"sbo_code_liv":null,"cust_outlet_ctgy":"0","cust_kae":"OTHERS","cust_kam":"OTHERS","cust_kam_ctgy":"0","cust_outlet_total":0.0,"cust_outlet_type":"0","cust_focus":"0","cust_area":"2.   West Java","last_update":"2018-12-14T10:56:45.553"},{"cust_id":24810,"cust_name":"32 R. SAMSUDIN SH., RSU.","cust_city":"SUKABUMI","cust_geo_name":"SUKABUMI TIMUR","cust_sales_ctg":"REGULAR             ","cust_bo":"BGR","cust_outlet_group":"HOSPITAL","cust_outlet_channel":"HOSPITAL","sbo_code":376,"sbo_code_bio":423,"sbo_code_ans":464,"sbo_code_liv":0,"cust_outlet_ctgy":"REGULAR","cust_kae":"OTHERS","cust_kam":"OTHERS","cust_kam_ctgy":"REGULAR","cust_outlet_total":0.0,"cust_outlet_type":"REGULAR","cust_focus":"0","cust_area":"2.   West Java","last_update":"2019-04-30T11:30:02.327"},{"cust_id":25499,"cust_name":"32 I.F. MARZOEKI MAHDI, RS.","cust_city":"BOGOR","cust_geo_name":"MENTENG","cust_sales_ctg":"REGULAR","cust_bo":"BGR","cust_outlet_group":"HOSPITAL GOVERNMENT (GVM)","cust_outlet_channel":"GOVERMENT","sbo_code":376,"sbo_code_bio":423,"sbo_code_ans":null,"sbo_code_liv":null,"cust_outlet_ctgy":"0","cust_kae":"OTHERS","cust_kam":"OTHERS","cust_kam_ctgy":"0","cust_outlet_total":0.0,"cust_outlet_type":"0","cust_focus":"0","cust_area":"2.   West Java","last_update":"2018-12-14T10:56:56.53"},{"cust_id":39381,"cust_name":"32 GAMMA, APT.","cust_city":"BOGOR","cust_geo_name":"PABATON","cust_sales_ctg":"REGULAR","cust_bo":"BGR","cust_outlet_group":"PHARMACY CHAIN (CHN)","cust_outlet_channel":"PHARMACY","sbo_code":376,"sbo_code_bio":423,"sbo_code_ans":null,"sbo_code_liv":null,"cust_outlet_ctgy":"0","cust_kae":"OTHERS","cust_kam":"OTHERS","cust_kam_ctgy":"0","cust_outlet_total":0.0,"cust_outlet_type":"0","cust_focus":"0","cust_area":"2.   West Java","last_update":"2018-12-14T10:58:10.647"},{"cust_id":74732,"cust_name":"32 KARTIKA KASIH, RS","cust_city":"SUKABUMI","cust_geo_name":"SUKABUMI BARAT","cust_sales_ctg":"REGULAR             ","cust_bo":"BGR","cust_outlet_group":"HOSPITAL","cust_outlet_channel":"HOSPITAL","sbo_code":376,"sbo_code_bio":423,"sbo_code_ans":464,"sbo_code_liv":0,"cust_outlet_ctgy":"REGULAR             ","cust_kae":"OTHERS","cust_kam":"OTHERS","cust_kam_ctgy":"REGULAR             ","cust_outlet_total":0.0,"cust_outlet_type":"REGULAR             ","cust_focus":"0","cust_area":"2.   West Java","last_update":"2019-04-30T11:30:13.64"},{"cust_id":93792,"cust_name":"32 HERMINA, RS / SUKABUMI","cust_city":"SUKABUMI","cust_geo_name":"SUKABUMI TIMUR","cust_sales_ctg":"REGULAR","cust_bo":"BGR","cust_outlet_group":"HOSPITAL PRIVATE (PVT)","cust_outlet_channel":"HOSPITAL","sbo_code":376,"sbo_code_bio":423,"sbo_code_ans":null,"sbo_code_liv":null,"cust_outlet_ctgy":"0","cust_kae":"OTHERS","cust_kam":"OTHERS","cust_kam_ctgy":"0","cust_outlet_total":0.0,"cust_outlet_type":"0","cust_focus":"0","cust_area":"2.   West Java","last_update":"2018-12-14T11:02:34.437"},{"cust_id":104441,"cust_name":"32 RUMAH SEHAT TERPADU.D.D, RS","cust_city":"BOGOR","cust_geo_name":"BOJONG GEDE","cust_sales_ctg":"REGULAR","cust_bo":"BGR","cust_outlet_group":"HOSPITAL PRIVATE (PVT)","cust_outlet_channel":"HOSPITAL","sbo_code":376,"sbo_code_bio":423,"sbo_code_ans":null,"sbo_code_liv":null,"cust_outlet_ctgy":"0","cust_kae":"OTHERS","cust_kam":"OTHERS","cust_kam_ctgy":"0","cust_outlet_total":0.0,"cust_outlet_type":"0","cust_focus":"0","cust_area":"2.   West Java","last_update":"2018-12-14T11:04:18.467"},{"cust_id":107897,"cust_name":"32 LEUWILIANG, RSUD","cust_city":"BOGOR","cust_geo_name":"LEUWILIANG","cust_sales_ctg":"REGULAR","cust_bo":"BGR","cust_outlet_group":"HOSPITAL GOVERNMENT (GVM)","cust_outlet_channel":"GOVERMENT","sbo_code":376,"sbo_code_bio":423,"sbo_code_ans":null,"sbo_code_liv":null,"cust_outlet_ctgy":"0","cust_kae":"OTHERS","cust_kam":"OTHERS","cust_kam_ctgy":"0","cust_outlet_total":0.0,"cust_outlet_type":"0","cust_focus":"0","cust_area":"2.   West Java","last_update":"2018-12-14T11:04:41.003"},{"cust_id":108880,"cust_name":"32 EMC SENTUL, RS","cust_city":"BOGOR","cust_geo_name":"CITEUREUP","cust_sales_ctg":"REGULAR             ","cust_bo":"BGR","cust_outlet_group":"HOSPITAL","cust_outlet_channel":"HOSPITAL","sbo_code":376,"sbo_code_bio":423,"sbo_code_ans":464,"sbo_code_liv":0,"cust_outlet_ctgy":"REGULAR","cust_kae":"OTHERS","cust_kam":"OTHERS","cust_kam_ctgy":"REGULAR","cust_outlet_total":0.0,"cust_outlet_type":"REGULAR","cust_focus":"0","cust_area":"2.   West Java","last_update":"2019-04-30T11:29:22.793"},{"cust_id":158481,"cust_name":"32 KARYA BHAKTI PRATIWI, RS","cust_city":"BOGOR","cust_geo_name":"LEUWILIANG","cust_sales_ctg":"REGULAR","cust_bo":"BGR","cust_outlet_group":"HOSPITAL PRIVATE (PVT)","cust_outlet_channel":"HOSPITAL","sbo_code":376,"sbo_code_bio":423,"sbo_code_ans":null,"sbo_code_liv":null,"cust_outlet_ctgy":"0","cust_kae":"OTHERS","cust_kam":"OTHERS","cust_kam_ctgy":"0","cust_outlet_total":0.0,"cust_outlet_type":"0","cust_focus":"0","cust_area":"2.   West Java","last_update":"2018-12-14T11:05:07.867"},{"cust_id":159536,"cust_name":"32 KARTIKA MEDICAL CENTER, RS. /CIBADAK","cust_city":"SUKABUMI","cust_geo_name":"CIBADAK","cust_sales_ctg":"REGULAR","cust_bo":"BGR","cust_outlet_group":"HOSPITAL PRIVATE (PVT)","cust_outlet_channel":"HOSPITAL","sbo_code":376,"sbo_code_bio":423,"sbo_code_ans":null,"sbo_code_liv":null,"cust_outlet_ctgy":"0","cust_kae":"OTHERS","cust_kam":"OTHERS","cust_kam_ctgy":"0","cust_outlet_total":0.0,"cust_outlet_type":"0","cust_focus":"0","cust_area":"2.   West Java","last_update":"2018-12-14T11:05:21.637"},{"cust_id":169011,"cust_name":"32 PELITA MEDICAL CENTER (PMC), APT","cust_city":"BOGOR","cust_geo_name":"LEUWILIANG","cust_sales_ctg":"REGULAR","cust_bo":"BGR","cust_outlet_group":"PHARMACY REGULAR (REG)","cust_outlet_channel":"PHARMACY","sbo_code":376,"sbo_code_bio":423,"sbo_code_ans":null,"sbo_code_liv":null,"cust_outlet_ctgy":"0","cust_kae":"OTHERS","cust_kam":"OTHERS","cust_kam_ctgy":"0","cust_outlet_total":0.0,"cust_outlet_type":"0","cust_focus":"0","cust_area":"2.   West Java","last_update":"2018-12-14T11:06:16.02"},{"cust_id":170807,"cust_name":"32 KLINIK TELKOMEDIKA HEALTH CENTER 19","cust_city":"BOGOR","cust_geo_name":"PABATON","cust_sales_ctg":"REGULAR","cust_bo":"BGR","cust_outlet_group":"CLINIC BPJS","cust_outlet_channel":"PHARMACY","sbo_code":376,"sbo_code_bio":423,"sbo_code_ans":null,"sbo_code_liv":null,"cust_outlet_ctgy":"0","cust_kae":"OTHERS","cust_kam":"OTHERS","cust_kam_ctgy":"0","cust_outlet_total":0.0,"cust_outlet_type":"0","cust_focus":"0","cust_area":"2.   West Java","last_update":"2018-12-14T11:06:26.28"},{"cust_id":171100,"cust_name":"32 KLINIK PT PLN (PERSERO) AREA BOGOR","cust_city":"BOGOR","cust_geo_name":"PALEDANG","cust_sales_ctg":"REGULAR","cust_bo":"BGR","cust_outlet_group":"CLINIC","cust_outlet_channel":"PHARMACY","sbo_code":376,"sbo_code_bio":423,"sbo_code_ans":null,"sbo_code_liv":null,"cust_outlet_ctgy":"0","cust_kae":"OTHERS","cust_kam":"OTHERS","cust_kam_ctgy":"0","cust_outlet_total":0.0,"cust_outlet_type":"0","cust_focus":"0","cust_area":"2.   West Java","last_update":"2018-12-14T11:06:27.773"},{"cust_id":177462,"cust_name":"32 RSAU DR. M. HASSAN TOTO (ATS)","cust_city":"BOGOR","cust_geo_name":"SEMPLAK","cust_sales_ctg":"BPJS","cust_bo":"BGR","cust_outlet_group":"HOSPITAL INSTITUTION (INS","cust_outlet_channel":"INSTITUTION","sbo_code":376,"sbo_code_bio":423,"sbo_code_ans":null,"sbo_code_liv":null,"cust_outlet_ctgy":"0","cust_kae":"OTHERS","cust_kam":"OTHERS","cust_kam_ctgy":"0","cust_outlet_total":0.0,"cust_outlet_type":"0","cust_focus":"0","cust_area":"2.   West Java","last_update":"2018-12-14T11:07:38.827"}]
