[{"dr_code":308001,"dr_sbo":"376                 ","dr_name":"ROSALINA","dr_spec":"Sp.PD     ","dr_sub_spec":"Sp.PD     ","dr_quadrant":"Q2        ","cust_id":5681,"dr_address":"JL. DR. SEMERU NO. 120 BOGOR","dr_area_mis":"WEST      ","dr_sum":1,"dr_category":"BPJS","dr_sub_category":"HOSPITAL GOVERNMENT","dr_chanel":"HOSPITAL","dr_day_visit":"SENIN - JUMAT","dr_visiting_hour":"15.00","dr_number_patient":30,"dr_kol_not":"NOT","dr_gender":"P         ","dr_phone":null,"dr_email":null,"dr_birthday":null,"dr_dk_lk":"DK        ","dr_used_session":1,"dr_used_remaining":3,"dr_used_month_session":5,"dr_status":1,"dr_sales_session":0,"dr_sales_month_session":null},{"dr_code":308002,"dr_sbo":"376                 ","dr_name":"RATNA DEWI","dr_spec":"Sp.JP     ","dr_sub_spec":"Sp.JP     ","dr_quadrant":"Q3        ","cust_id":24810,"dr_address":"JL. RUMAH SAKIT NO. 1 SUKABUMI","dr_area_mis":"WEST      ","dr_sum":1,"dr_category":"BPJS","dr_sub_category":"HOSPITAL GOVERNMENT","dr_chanel":"HOSPITAL","dr_day_visit":"SENIN - JUMAT","dr_visiting_hour":"12.00","dr_number_patient":30,"dr_kol_not":"NOT","dr_gender":"P         ","dr_phone":null,"dr_email":null,"dr_birthday":null,"dr_dk_lk":"LK        ","dr_used_session":1,"dr_used_remaining":0,"dr_used_month_session":5,"dr_status":1,"dr_sales_session":0,"dr_sales_month_session":null},{"dr_code":308003,"dr_sbo":"376                 ","dr_name":"EKA PRANATA","dr_spec":"Sp.S      ","dr_sub_spec":"Sp.S      ","dr_quadrant":"Q2        ","cust_id":5681,"dr_address":"JL. DR. SEMERU NO. 120 BOGOR","dr_area_mis":"WEST      ","dr_sum":1,"dr_category":"BPJS","dr_sub_category":"HOSPITAL GOVERNMENT","dr_chanel":"HOSPITAL","dr_day_visit":"SENIN - JUMAT","dr_visiting_hour":"14.00","dr_number_patient":20,"dr_kol_not":"NOT","dr_gender":"L         ","dr_phone":null,"dr_email":null,"dr_birthday":null,"dr_dk_lk":"DK        ","dr_used_session":1,"dr_used_remaining":3,"dr_used_month_session":5,"dr_status":1,"dr_sales_session":1,"dr_sales_month_session":4},{"dr_code":308004,"dr_sbo":"376                 ","dr_name":"MUH. HARIS","dr_spec":"Sp.JP     ","dr_sub_spec":"Sp.JP     ","dr_quadrant":"Q2        ","cust_id":158481,"dr_address":"JL. RAYA DRAMAGA KM 7 BOGOR","dr_area_mis":"WEST      ","dr_sum":1,"dr_category":"COMBO","dr_sub_category":"HOSPITAL PRIVATE","dr_chanel":"HOSPITAL","dr_day_visit":"SENIN -RABU-JUMAT","dr_visiting_hour":"20.00","dr_number_patient":20,"dr_kol_not":"NOT","dr_gender":"L         ","dr_phone":null,"dr_email":null,"dr_birthday":null,"dr_dk_lk":"DK        ","dr_used_session":1,"dr_used_remaining":3,"dr_used_month_session":5,"dr_status":1,"dr_sales_session":1,"dr_sales_month_session":4},{"dr_code":308005,"dr_sbo":"376                 ","dr_name":"PIPIK RIPAI","dr_spec":"Sp.PD     ","dr_sub_spec":"Sp.PD     ","dr_quadrant":"Q2        ","cust_id":107897,"dr_address":"JL. RAYA LEWILIANG BOGOR","dr_area_mis":"WEST      ","dr_sum":1,"dr_category":"BPJS","dr_sub_category":"HOSPITAL GOVERNMENT","dr_chanel":"HOSPITAL","dr_day_visit":"JUMAT","dr_visiting_hour":"11.00","dr_number_patient":20,"dr_kol_not":"NOT","dr_gender":"L         ","dr_phone":null,"dr_email":null,"dr_birthday":null,"dr_dk_lk":"DK        ","dr_used_session":2,"dr_used_remaining":2,"dr_used_month_session":5,"dr_status":1,"dr_sales_session":0,"dr_sales_month_session":null},{"dr_code":308006,"dr_sbo":"376                 ","dr_name":"MUSLIMAH","dr_spec":"Sp.PD     ","dr_sub_spec":"Sp.PD     ","dr_quadrant":"Q2        ","cust_id":107897,"dr_address":"JL. RAYA LEWILIANG BOGOR","dr_area_mis":"WEST      ","dr_sum":1,"dr_category":"BPJS","dr_sub_category":"HOSPITAL GOVERNMENT","dr_chanel":"HOSPITAL","dr_day_visit":"JUMAT","dr_visiting_hour":"11.00","dr_number_patient":20,"dr_kol_not":"NOT","dr_gender":"P         ","dr_phone":null,"dr_email":null,"dr_birthday":null,"dr_dk_lk":"DK        ","dr_used_session":2,"dr_used_remaining":2,"dr_used_month_session":5,"dr_status":1,"dr_sales_session":1,"dr_sales_month_session":5},{"dr_code":308007,"dr_sbo":"376                 ","dr_name":"ARINA P. N","dr_spec":"Sp.JP     ","dr_sub_spec":"Sp.JP     ","dr_quadrant":"Q2        ","cust_id":5681,"dr_address":"JL. DR. SEMERU NO. 120 BOGOR","dr_area_mis":"WEST      ","dr_sum":1,"dr_category":"BPJS","dr_sub_category":"HOSPITAL GOVERNMENT","dr_chanel":"HOSPITAL","dr_day_visit":"SENIN-JUMAT","dr_visiting_hour":"16.00","dr_number_patient":15,"dr_kol_not":"NOT","dr_gender":"P         ","dr_phone":null,"dr_email":null,"dr_birthday":null,"dr_dk_lk":"DK        ","dr_used_session":2,"dr_used_remaining":2,"dr_used_month_session":5,"dr_status":1,"dr_sales_session":0,"dr_sales_month_session":null},{"dr_code":323053,"dr_sbo":"376                 ","dr_name":"ANASTASIA","dr_spec":"Sp.S      ","dr_sub_spec":"Sp.S      ","dr_quadrant":"Q2        ","cust_id":25499,"dr_address":"JL. DR. SEMERU NO. 120 BOGOR","dr_area_mis":"WEST      ","dr_sum":1,"dr_category":"BPJS","dr_sub_category":"HOSPITAL GOVERNMENT","dr_chanel":"HOSPITAL","dr_day_visit":"SENIN - JUMAT","dr_visiting_hour":"13.00","dr_number_patient":20,"dr_kol_not":"NOT","dr_gender":"P         ","dr_phone":"","dr_email":null,"dr_birthday":null,"dr_dk_lk":"DK        ","dr_used_session":1,"dr_used_remaining":3,"dr_used_month_session":5,"dr_status":1,"dr_sales_session":1,"dr_sales_month_session":4},{"dr_code":323068,"dr_sbo":"376                 ","dr_name":"UMMU HABIBAH","dr_spec":"Sp.PD     ","dr_sub_spec":"Sp.PD     ","dr_quadrant":"Q2        ","cust_id":25499,"dr_address":"JL. DR. SEMERU NO. 120 BOGOR","dr_area_mis":"WEST      ","dr_sum":1,"dr_category":"COMBO","dr_sub_category":"HOSPITAL PRIVATE","dr_chanel":"HOSPITAL","dr_day_visit":"SENIN - JUMAT","dr_visiting_hour":"19.00","dr_number_patient":20,"dr_kol_not":"NOT","dr_gender":"P         ","dr_phone":"","dr_email":null,"dr_birthday":null,"dr_dk_lk":"DK        ","dr_used_session":1,"dr_used_remaining":3,"dr_used_month_session":5,"dr_status":1,"dr_sales_session":0,"dr_sales_month_session":null},{"dr_code":324044,"dr_sbo":"376                 ","dr_name":"FENTY","dr_spec":"GP        ","dr_sub_spec":"GP REGULAR","dr_quadrant":"Q2        ","cust_id":170807,"dr_address":"JL. PENGADILAN NO. 14","dr_area_mis":"WEST      ","dr_sum":1,"dr_category":"REGULAR","dr_sub_category":"PRIVATE PRESCRIBER","dr_chanel":"PHARMACY","dr_day_visit":"SENIN & RABU","dr_visiting_hour":"15.00","dr_number_patient":10,"dr_kol_not":"NOT","dr_gender":"P         ","dr_phone":"","dr_email":null,"dr_birthday":null,"dr_dk_lk":"DK        ","dr_used_session":2,"dr_used_remaining":2,"dr_used_month_session":5,"dr_status":1,"dr_sales_session":1,"dr_sales_month_session":5},{"dr_code":324046,"dr_sbo":"376                 ","dr_name":"WILLY WIJAYA","dr_spec":"Sp.S      ","dr_sub_spec":"Sp.S      ","dr_quadrant":"Q2        ","cust_id":5649,"dr_address":"JL. IR. H. JUANDA NO. 30 BOGOR","dr_area_mis":"WEST      ","dr_sum":1,"dr_category":"REGULAR","dr_sub_category":"PRIVATE PRESCRIBER","dr_chanel":"PHARMACY","dr_day_visit":"SELASA & JUMAT","dr_visiting_hour":"10.00 - 14.00","dr_number_patient":10,"dr_kol_not":"NOT","dr_gender":"L         ","dr_phone":"","dr_email":null,"dr_birthday":null,"dr_dk_lk":"DK        ","dr_used_session":1,"dr_used_remaining":3,"dr_used_month_session":5,"dr_status":1,"dr_sales_session":1,"dr_sales_month_session":3},{"dr_code":324047,"dr_sbo":"376                 ","dr_name":"YOLI KALBARA","dr_spec":"GP        ","dr_sub_spec":"GP REGULAR","dr_quadrant":"Q2        ","cust_id":5649,"dr_address":"JL. IR. H. JUANDA NO. 30 BOGOR","dr_area_mis":"WEST      ","dr_sum":1,"dr_category":"REGULAR","dr_sub_category":"PRIVATE PRESCRIBER","dr_chanel":"PHARMACY","dr_day_visit":"SENIN & RABU","dr_visiting_hour":"10.00","dr_number_patient":10,"dr_kol_not":"NOT","dr_gender":"P         ","dr_phone":"","dr_email":null,"dr_birthday":null,"dr_dk_lk":"DK        ","dr_used_session":3,"dr_used_remaining":1,"dr_used_month_session":5,"dr_status":1,"dr_sales_session":1,"dr_sales_month_session":5},{"dr_code":324051,"dr_sbo":"376                 ","dr_name":"BAMBANG AGUSTIAN","dr_spec":"Sp.PD     ","dr_sub_spec":"Sp.PD     ","dr_quadrant":"Q2        ","cust_id":5681,"dr_address":"JL. DR. SEMERU NO. 120 BOGOR","dr_area_mis":"WEST      ","dr_sum":1,"dr_category":"BPJS","dr_sub_category":"RSU-B","dr_chanel":"HOSPITAL","dr_day_visit":"SELASA & KAMIS","dr_visiting_hour":"20.00","dr_number_patient":10,"dr_kol_not":"NOT","dr_gender":"L         ","dr_phone":"","dr_email":null,"dr_birthday":null,"dr_dk_lk":"DK        ","dr_used_session":1,"dr_used_remaining":3,"dr_used_month_session":5,"dr_status":1,"dr_sales_session":1,"dr_sales_month_session":3},{"dr_code":324053,"dr_sbo":"376                 ","dr_name":"DINA N.R","dr_spec":"Sp.PD     ","dr_sub_spec":"Sp.PD     ","dr_quadrant":"Q3        ","cust_id":24489,"dr_address":"JL. RAYA CISAAT NO. 595 SUKABUMI","dr_area_mis":"WEST      ","dr_sum":1,"dr_category":"REGULAR","dr_sub_category":"HOSPITAL PRIVATE","dr_chanel":"HOSPITAL","dr_day_visit":"SELASA & KAMIS","dr_visiting_hour":"17.00","dr_number_patient":10,"dr_kol_not":"NOT","dr_gender":"P         ","dr_phone":"","dr_email":null,"dr_birthday":null,"dr_dk_lk":"LK        ","dr_used_session":1,"dr_used_remaining":0,"dr_used_month_session":5,"dr_status":1,"dr_sales_session":0,"dr_sales_month_session":null},{"dr_code":324057,"dr_sbo":"376                 ","dr_name":"HERWIN HASAN","dr_spec":"Sp.PD     ","dr_sub_spec":"Sp.PD     ","dr_quadrant":"Q3        ","cust_id":159536,"dr_address":"JL. SILIWANGI NO. 139 SUKABUMI","dr_area_mis":"WEST      ","dr_sum":1,"dr_category":"REGULAR","dr_sub_category":"HOSPITAL PRIVATE","dr_chanel":"HOSPITAL","dr_day_visit":"SENIN - JUMAT","dr_visiting_hour":"13.00","dr_number_patient":10,"dr_kol_not":"NOT","dr_gender":"L         ","dr_phone":"","dr_email":null,"dr_birthday":null,"dr_dk_lk":"LK        ","dr_used_session":1,"dr_used_remaining":0,"dr_used_month_session":5,"dr_status":1,"dr_sales_session":0,"dr_sales_month_session":null},{"dr_code":324059,"dr_sbo":"376                 ","dr_name":"IFA","dr_spec":"GP        ","dr_sub_spec":"GP REGULAR","dr_quadrant":"Q2        ","cust_id":171100,"dr_address":"JL. KAPTEN MUSLIHAT","dr_area_mis":"WEST      ","dr_sum":1,"dr_category":"REGULAR","dr_sub_category":"CLINIC","dr_chanel":"PHARMACY","dr_day_visit":"KAMIS & JUMAT","dr_visiting_hour":"13.00","dr_number_patient":10,"dr_kol_not":"NOT","dr_gender":"P         ","dr_phone":"","dr_email":null,"dr_birthday":null,"dr_dk_lk":"DK        ","dr_used_session":1,"dr_used_remaining":3,"dr_used_month_session":5,"dr_status":1,"dr_sales_session":0,"dr_sales_month_session":null},{"dr_code":324060,"dr_sbo":"376                 ","dr_name":"INGE ANGELIA SIGIT","dr_spec":"Sp.S      ","dr_sub_spec":"Sp.S      ","dr_quadrant":"Q3        ","cust_id":24489,"dr_address":"JL. RAYA CISAAT NO. 595 SUKABUMI","dr_area_mis":"WEST      ","dr_sum":1,"dr_category":"REGULAR","dr_sub_category":"HOSPITAL PRIVATE","dr_chanel":"HOSPITAL","dr_day_visit":"SELASA & KAMIS","dr_visiting_hour":"17.00","dr_number_patient":10,"dr_kol_not":"NOT","dr_gender":"P         ","dr_phone":"","dr_email":null,"dr_birthday":null,"dr_dk_lk":"LK        ","dr_used_session":1,"dr_used_remaining":0,"dr_used_month_session":5,"dr_status":1,"dr_sales_session":0,"dr_sales_month_session":null},{"dr_code":324062,"dr_sbo":"376                 ","dr_name":"MARYANTORO OEMARDI","dr_spec":"Sp.PD     ","dr_sub_spec":"Sp.PD     ","dr_quadrant":"Q2        ","cust_id":5707,"dr_address":"JL. PAHLAWAN NO. 91 BOGOR","dr_area_mis":"WEST      ","dr_sum":1,"dr_category":"COMBO","dr_sub_category":"HOSPITAL PRIVATE","dr_chanel":"HOSPITAL","dr_day_visit":"SENIN","dr_visiting_hour":"13.00","dr_number_patient":10,"dr_kol_not":"NOT","dr_gender":"L         ","dr_phone":"","dr_email":null,"dr_birthday":null,"dr_dk_lk":"DK        ","dr_used_session":1,"dr_used_remaining":3,"dr_used_month_session":5,"dr_status":1,"dr_sales_session":1,"dr_sales_month_session":5},{"dr_code":324064,"dr_sbo":"376                 ","dr_name":"PERMATA","dr_spec":"GP        ","dr_sub_spec":"GP REGULAR","dr_quadrant":"Q2        ","cust_id":171100,"dr_address":"JL. KAPTEN MUSLIHAT","dr_area_mis":"WEST      ","dr_sum":1,"dr_category":"REGULAR","dr_sub_category":"CLINIC","dr_chanel":"PHARMACY","dr_day_visit":"SENIN & RABU","dr_visiting_hour":"19.00","dr_number_patient":10,"dr_kol_not":"NOT","dr_gender":"P         ","dr_phone":"","dr_email":null,"dr_birthday":null,"dr_dk_lk":"DK        ","dr_used_session":1,"dr_used_remaining":3,"dr_used_month_session":5,"dr_status":1,"dr_sales_session":1,"dr_sales_month_session":3},{"dr_code":324074,"dr_sbo":"376                 ","dr_name":"ASHALIA","dr_spec":"Sp.S      ","dr_sub_spec":"Sp.S      ","dr_quadrant":"Q2        ","cust_id":108880,"dr_address":"JL. RAYA PARUNG KM 42 BOGOR","dr_area_mis":"WEST      ","dr_sum":1,"dr_category":"BPJS","dr_sub_category":"HOSPITAL GOVERNMENT","dr_chanel":"HOSPITAL","dr_day_visit":"SENIN & KAMIS","dr_visiting_hour":"13.00","dr_number_patient":20,"dr_kol_not":"NOT","dr_gender":"P         ","dr_phone":"","dr_email":null,"dr_birthday":null,"dr_dk_lk":"DK        ","dr_used_session":1,"dr_used_remaining":3,"dr_used_month_session":5,"dr_status":1,"dr_sales_session":0,"dr_sales_month_session":null},{"dr_code":324075,"dr_sbo":"376                 ","dr_name":"FITRIA DELIMA TIFFANI","dr_spec":"Sp.S      ","dr_sub_spec":"Sp.S      ","dr_quadrant":"Q3        ","cust_id":159536,"dr_address":"JL. JEND A. YANI NO. 2 PELABUHANRATU SUKABUMI","dr_area_mis":"WEST      ","dr_sum":1,"dr_category":"BPJS","dr_sub_category":"HOSPITAL GOVERNMENT","dr_chanel":"HOSPITAL","dr_day_visit":"SELASA & KAMIS","dr_visiting_hour":"15.00","dr_number_patient":20,"dr_kol_not":"NOT","dr_gender":"P         ","dr_phone":"","dr_email":null,"dr_birthday":null,"dr_dk_lk":"LK        ","dr_used_session":0,"dr_used_remaining":1,"dr_used_month_session":null,"dr_status":1,"dr_sales_session":0,"dr_sales_month_session":null},{"dr_code":324077,"dr_sbo":"376                 ","dr_name":"M. ARZAN ALFARISH","dr_spec":"Sp.PD     ","dr_sub_spec":"Sp.PD     ","dr_quadrant":"Q3        ","cust_id":24489,"dr_address":"JL. RAYA CISAAT NO. 595 SUKABUMI","dr_area_mis":"WEST      ","dr_sum":1,"dr_category":"REGULAR","dr_sub_category":"HOSPITAL PRIVATE","dr_chanel":"HOSPITAL","dr_day_visit":"SELASA & KAMIS","dr_visiting_hour":"17.00","dr_number_patient":20,"dr_kol_not":"NOT","dr_gender":"L         ","dr_phone":"","dr_email":null,"dr_birthday":null,"dr_dk_lk":"LK        ","dr_used_session":0,"dr_used_remaining":1,"dr_used_month_session":null,"dr_status":1,"dr_sales_session":0,"dr_sales_month_session":null},{"dr_code":324078,"dr_sbo":"376                 ","dr_name":"RAMANG NAPU","dr_spec":"Sp.JP     ","dr_sub_spec":"Sp.JP     ","dr_quadrant":"Q2        ","cust_id":5681,"dr_address":"JL. DR. SEMERU NO. 120 BOGOR","dr_area_mis":"WEST      ","dr_sum":1,"dr_category":"BPJS","dr_sub_category":"RSU-B","dr_chanel":"HOSPITAL","dr_day_visit":"SENIN & KAMIS","dr_visiting_hour":"15.00","dr_number_patient":20,"dr_kol_not":"NOT","dr_gender":"L         ","dr_phone":"","dr_email":null,"dr_birthday":null,"dr_dk_lk":"DK        ","dr_used_session":0,"dr_used_remaining":4,"dr_used_month_session":null,"dr_status":1,"dr_sales_session":1,"dr_sales_month_session":3},{"dr_code":333115,"dr_sbo":"376                 ","dr_name":"MAUDE RENATA","dr_spec":"Sp.PD     ","dr_sub_spec":"Sp.PD     ","dr_quadrant":"Q3        ","cust_id":24295,"dr_address":"JL. AHMAD YANI SUKABUMI","dr_area_mis":"WEST      ","dr_sum":1,"dr_category":"REGULAR","dr_sub_category":"PRIVATE PRESCRIBER","dr_chanel":"PHARMACY","dr_day_visit":"SENIN - JUMAT","dr_visiting_hour":"09.00","dr_number_patient":10,"dr_kol_not":"NOT","dr_gender":"P         ","dr_phone":"","dr_email":null,"dr_birthday":null,"dr_dk_lk":"LK        ","dr_used_session":0,"dr_used_remaining":1,"dr_used_month_session":null,"dr_status":1,"dr_sales_session":0,"dr_sales_month_session":null},{"dr_code":333117,"dr_sbo":"376                 ","dr_name":"AFFAN AHMADI","dr_spec":"Sp.PD     ","dr_sub_spec":"Sp.PD     ","dr_quadrant":"Q3        ","cust_id":93792,"dr_address":"JL. RAYA SUKARAJA SUKABUMI","dr_area_mis":"WEST      ","dr_sum":1,"dr_category":"REGULAR","dr_sub_category":"PRIVATE PRESCRIBER","dr_chanel":"PHARMACY","dr_day_visit":"SENIN & RABU","dr_visiting_hour":"10.00","dr_number_patient":10,"dr_kol_not":"NOT","dr_gender":"L         ","dr_phone":"","dr_email":null,"dr_birthday":null,"dr_dk_lk":"LK        ","dr_used_session":0,"dr_used_remaining":1,"dr_used_month_session":null,"dr_status":1,"dr_sales_session":0,"dr_sales_month_session":null},{"dr_code":333119,"dr_sbo":"376                 ","dr_name":"SANGGAM","dr_spec":"Sp.JP     ","dr_sub_spec":"Sp.JP     ","dr_quadrant":"Q3        ","cust_id":24775,"dr_address":"JL. SILIWANGI NO. 49 CIBADAK SUKABUMI","dr_area_mis":"WEST      ","dr_sum":1,"dr_category":"BPJS","dr_sub_category":"HOSPITAL GOVERNMENT","dr_chanel":"HOSPITAL","dr_day_visit":"SENIN - JUMAT","dr_visiting_hour":"13.00","dr_number_patient":25,"dr_kol_not":"NOT","dr_gender":"L         ","dr_phone":"","dr_email":"","dr_birthday":null,"dr_dk_lk":"LK        ","dr_used_session":0,"dr_used_remaining":1,"dr_used_month_session":null,"dr_status":1,"dr_sales_session":1,"dr_sales_month_session":2},{"dr_code":333121,"dr_sbo":"376                 ","dr_name":"DWI ROHMAWATI","dr_spec":"Sp.PD     ","dr_sub_spec":"Sp.PD     ","dr_quadrant":"Q2        ","cust_id":104441,"dr_address":"JL. RAYA PARUNG KM 42 BOGOR","dr_area_mis":"WEST      ","dr_sum":1,"dr_category":"COMBO","dr_sub_category":"HOSPITAL PRIVATE","dr_chanel":"HOSPITAL","dr_day_visit":"SENIN - JUMAT","dr_visiting_hour":"16.00","dr_number_patient":20,"dr_kol_not":"NOT","dr_gender":"P         ","dr_phone":"","dr_email":null,"dr_birthday":null,"dr_dk_lk":"DK        ","dr_used_session":0,"dr_used_remaining":4,"dr_used_month_session":null,"dr_status":1,"dr_sales_session":1,"dr_sales_month_session":3},{"dr_code":333122,"dr_sbo":"376                 ","dr_name":"FEBRY ","dr_spec":"Sp.An     ","dr_sub_spec":"Sp.An     ","dr_quadrant":"Q3        ","cust_id":5681,"dr_address":"JL. DR. SEMERU NO. 120 BOGOR","dr_area_mis":"WEST      ","dr_sum":1,"dr_category":"BPJS","dr_sub_category":"RSU-B","dr_chanel":"HOSPITAL","dr_day_visit":"SENIN - JUMAT","dr_visiting_hour":"14.00","dr_number_patient":10,"dr_kol_not":"NOT","dr_gender":"P         ","dr_phone":null,"dr_email":null,"dr_birthday":null,"dr_dk_lk":"DK        ","dr_used_session":0,"dr_used_remaining":1,"dr_used_month_session":null,"dr_status":1,"dr_sales_session":1,"dr_sales_month_session":3},{"dr_code":333123,"dr_sbo":"376                 ","dr_name":"WILDAN NUR","dr_spec":"Sp.PD     ","dr_sub_spec":"Sp.PD     ","dr_quadrant":"Q2        ","cust_id":104441,"dr_address":"JL. RAYA PARUNG KM 42 BOGOR","dr_area_mis":"WEST      ","dr_sum":1,"dr_category":"COMBO","dr_sub_category":"HOSPITAL PRIVATE","dr_chanel":"HOSPITAL","dr_day_visit":"SENIN - JUMAT","dr_visiting_hour":"16.01","dr_number_patient":15,"dr_kol_not":"NOT","dr_gender":"L         ","dr_phone":"","dr_email":null,"dr_birthday":null,"dr_dk_lk":"DK        ","dr_used_session":0,"dr_used_remaining":4,"dr_used_month_session":null,"dr_status":1,"dr_sales_session":1,"dr_sales_month_session":3},{"dr_code":334119,"dr_sbo":"376                 ","dr_name":"FAJAR HERYANTO","dr_spec":"Sp.JP     ","dr_sub_spec":"Sp.JP     ","dr_quadrant":"Q3        ","cust_id":24775,"dr_address":"JL. RUMAH SAKIT NO. 1 SUKABUMI","dr_area_mis":"WEST      ","dr_sum":1,"dr_category":"BPJS","dr_sub_category":"HOSPITAL GOVERNMENT","dr_chanel":"HOSPITAL","dr_day_visit":"RABU & KAMIS","dr_visiting_hour":"16.00","dr_number_patient":10,"dr_kol_not":"NOT","dr_gender":"L         ","dr_phone":"","dr_email":null,"dr_birthday":null,"dr_dk_lk":"LK        ","dr_used_session":0,"dr_used_remaining":1,"dr_used_month_session":null,"dr_status":1,"dr_sales_session":0,"dr_sales_month_session":null},{"dr_code":334133,"dr_sbo":"376                 ","dr_name":"EDDY SUPRIADI","dr_spec":"Sp.PD     ","dr_sub_spec":"Sp.PD     ","dr_quadrant":"Q2        ","cust_id":25499,"dr_address":"JL. DR. SEMERU NO. 120 BOGOR","dr_area_mis":"WEST      ","dr_sum":1,"dr_category":"REGULAR","dr_sub_category":"HOSPITAL PRIVATE","dr_chanel":"HOSPITAL","dr_day_visit":"SELASA","dr_visiting_hour":"13.00","dr_number_patient":10,"dr_kol_not":"NOT","dr_gender":"L         ","dr_phone":"","dr_email":"","dr_birthday":null,"dr_dk_lk":"DK        ","dr_used_session":2,"dr_used_remaining":2,"dr_used_month_session":5,"dr_status":1,"dr_sales_session":0,"dr_sales_month_session":null},{"dr_code":334138,"dr_sbo":"376                 ","dr_name":"LINDA","dr_spec":"Sp.S      ","dr_sub_spec":"Sp.S      ","dr_quadrant":"Q3        ","cust_id":24810,"dr_address":"JL. RUMAH SAKIT NO. 1 SUKABUMI","dr_area_mis":"WEST      ","dr_sum":1,"dr_category":"COMBO","dr_sub_category":"HOSPITAL GOVERNMENT","dr_chanel":"HOSPITAL","dr_day_visit":"RABU & KAMIS","dr_visiting_hour":"13.00","dr_number_patient":10,"dr_kol_not":"NOT","dr_gender":"P         ","dr_phone":"","dr_email":null,"dr_birthday":null,"dr_dk_lk":"LK        ","dr_used_session":0,"dr_used_remaining":1,"dr_used_month_session":null,"dr_status":1,"dr_sales_session":1,"dr_sales_month_session":4},{"dr_code":334140,"dr_sbo":"376                 ","dr_name":"PANJI GUGAH","dr_spec":"Sp.PD     ","dr_sub_spec":"Sp.PD     ","dr_quadrant":"Q3        ","cust_id":24775,"dr_address":"JL. SILIWANGI NO. 49 CIBADAK SUKABUMI","dr_area_mis":"WEST      ","dr_sum":1,"dr_category":"BPJS","dr_sub_category":"HOSPITAL GOVERNMENT","dr_chanel":"HOSPITAL","dr_day_visit":"SENIN - JUMAT","dr_visiting_hour":"13.00","dr_number_patient":25,"dr_kol_not":"NOT","dr_gender":"L         ","dr_phone":"","dr_email":null,"dr_birthday":null,"dr_dk_lk":"LK        ","dr_used_session":0,"dr_used_remaining":1,"dr_used_month_session":null,"dr_status":1,"dr_sales_session":0,"dr_sales_month_session":null},{"dr_code":344110,"dr_sbo":"376                 ","dr_name":"HENNY AQUARITA","dr_spec":"Sp.S      ","dr_sub_spec":"Sp.S      ","dr_quadrant":"Q2        ","cust_id":108880,"dr_address":"JL. MH. THAMRIN NO. 1 SENTUL CITY","dr_area_mis":"WEST      ","dr_sum":1,"dr_category":"REGULAR","dr_sub_category":"HOSPITAL PRIVATE","dr_chanel":"HOSPITAL","dr_day_visit":"SELASA","dr_visiting_hour":"12.00","dr_number_patient":10,"dr_kol_not":"NOT","dr_gender":"P         ","dr_phone":"","dr_email":"","dr_birthday":null,"dr_dk_lk":"DK        ","dr_used_session":0,"dr_used_remaining":4,"dr_used_month_session":null,"dr_status":1,"dr_sales_session":1,"dr_sales_month_session":3},{"dr_code":433043,"dr_sbo":"376                 ","dr_name":"ERWINDO","dr_spec":"Sp.PD     ","dr_sub_spec":"Sp.PD     ","dr_quadrant":"Q2        ","cust_id":5681,"dr_address":"JL. DR. SEMERU NO. 120 BOGOR","dr_area_mis":"WEST      ","dr_sum":1,"dr_category":"BPJS","dr_sub_category":"RSU-B","dr_chanel":"HOSPITAL","dr_day_visit":"SENIN - JUMAT","dr_visiting_hour":"15.00","dr_number_patient":20,"dr_kol_not":"NOT","dr_gender":"L         ","dr_phone":"","dr_email":null,"dr_birthday":null,"dr_dk_lk":"DK        ","dr_used_session":3,"dr_used_remaining":1,"dr_used_month_session":5,"dr_status":1,"dr_sales_session":0,"dr_sales_month_session":null},{"dr_code":433068,"dr_sbo":"376                 ","dr_name":"NEIRINA MAYAKARTIKA","dr_spec":"Sp.PD     ","dr_sub_spec":"Sp.PD     ","dr_quadrant":"Q2        ","cust_id":25499,"dr_address":"JL. DR. SEMERU NO. 120 BOGOR","dr_area_mis":"WEST      ","dr_sum":1,"dr_category":"REGULAR","dr_sub_category":"HOSPITAL PRIVATE","dr_chanel":"HOSPITAL","dr_day_visit":"SENIN - JUMAT","dr_visiting_hour":"15.00","dr_number_patient":20,"dr_kol_not":"NOT","dr_gender":"L         ","dr_phone":"","dr_email":null,"dr_birthday":null,"dr_dk_lk":"DK        ","dr_used_session":0,"dr_used_remaining":4,"dr_used_month_session":null,"dr_status":1,"dr_sales_session":0,"dr_sales_month_session":null},{"dr_code":434001,"dr_sbo":"376                 ","dr_name":"ADI WIJAYA","dr_spec":"Sp.PD     ","dr_sub_spec":"Sp.PD     ","dr_quadrant":"Q2        ","cust_id":158481,"dr_address":"JL. RAYA DRAMAGA KM 7 BOGOR","dr_area_mis":"WEST      ","dr_sum":1,"dr_category":"COMBO","dr_sub_category":"HOSPITAL PRIVATE","dr_chanel":"HOSPITAL","dr_day_visit":"RABU & JUMAT","dr_visiting_hour":"18.00","dr_number_patient":25,"dr_kol_not":"NOT","dr_gender":"L         ","dr_phone":"","dr_email":null,"dr_birthday":null,"dr_dk_lk":"DK        ","dr_used_session":0,"dr_used_remaining":4,"dr_used_month_session":null,"dr_status":1,"dr_sales_session":1,"dr_sales_month_session":3},{"dr_code":434006,"dr_sbo":"376                 ","dr_name":"AGUS SUWANTO","dr_spec":"Sp.PD     ","dr_sub_spec":"Sp.PD     ","dr_quadrant":"Q2        ","cust_id":177462,"dr_address":"JL. SARJIO NO.1 ATANG SANJAYA BOGOR","dr_area_mis":"WEST      ","dr_sum":1,"dr_category":"BPJS","dr_sub_category":"RSU-B","dr_chanel":"HOSPITAL","dr_day_visit":"SENIN - JUMAT","dr_visiting_hour":"17.00","dr_number_patient":10,"dr_kol_not":"NOT","dr_gender":"P         ","dr_phone":"","dr_email":null,"dr_birthday":null,"dr_dk_lk":"DK        ","dr_used_session":0,"dr_used_remaining":4,"dr_used_month_session":null,"dr_status":1,"dr_sales_session":1,"dr_sales_month_session":0},{"dr_code":434010,"dr_sbo":"376                 ","dr_name":"ANGELITA SANTOSO","dr_spec":"GP        ","dr_sub_spec":"GP REGULAR","dr_quadrant":"Q2        ","cust_id":5644,"dr_address":"JL. GEDONG SAWAH BOGOR","dr_area_mis":"WEST      ","dr_sum":1,"dr_category":"REGULAR","dr_sub_category":"PRIVATE PRESCRIBER","dr_chanel":"PHARMACY","dr_day_visit":"SENIN - JUMAT","dr_visiting_hour":"13.00","dr_number_patient":10,"dr_kol_not":"NOT","dr_gender":"P         ","dr_phone":null,"dr_email":null,"dr_birthday":null,"dr_dk_lk":"DK        ","dr_used_session":0,"dr_used_remaining":4,"dr_used_month_session":null,"dr_status":1,"dr_sales_session":0,"dr_sales_month_session":null},{"dr_code":434012,"dr_sbo":"376                 ","dr_name":"ARIF NASHUHA","dr_spec":"Sp.PD     ","dr_sub_spec":"Sp.PD     ","dr_quadrant":"Q2        ","cust_id":158481,"dr_address":"JL. RAYA DRAMAGA KM 7 BOGOR","dr_area_mis":"WEST      ","dr_sum":1,"dr_category":"COMBO","dr_sub_category":"HOSPITAL PRIVATE","dr_chanel":"HOSPITAL","dr_day_visit":"SENIN - JUMAT","dr_visiting_hour":"14.00","dr_number_patient":30,"dr_kol_not":"NOT","dr_gender":"L         ","dr_phone":"","dr_email":null,"dr_birthday":null,"dr_dk_lk":"DK        ","dr_used_session":0,"dr_used_remaining":4,"dr_used_month_session":null,"dr_status":1,"dr_sales_session":1,"dr_sales_month_session":3},{"dr_code":434018,"dr_sbo":"376                 ","dr_name":"DADANG H","dr_spec":"Sp.PD     ","dr_sub_spec":"Sp.PD     ","dr_quadrant":"Q2        ","cust_id":158481,"dr_address":"JL. RAYA DRAMAGA KM 7,3 BOGOR","dr_area_mis":"WEST      ","dr_sum":1,"dr_category":"COMBO","dr_sub_category":"HOSPITAL PRIVATE","dr_chanel":"HOSPITAL","dr_day_visit":"SENIN - JUMAT","dr_visiting_hour":"13.00","dr_number_patient":10,"dr_kol_not":"KOL","dr_gender":"L         ","dr_phone":"","dr_email":null,"dr_birthday":null,"dr_dk_lk":"DK        ","dr_used_session":0,"dr_used_remaining":4,"dr_used_month_session":null,"dr_status":1,"dr_sales_session":1,"dr_sales_month_session":3},{"dr_code":434019,"dr_sbo":"376                 ","dr_name":"DAMSON  ","dr_spec":"Sp.S      ","dr_sub_spec":"Sp.S      ","dr_quadrant":"Q2        ","cust_id":158481,"dr_address":"JL. RAYA DRAMAGA KM 7 BOGOR","dr_area_mis":"WEST      ","dr_sum":1,"dr_category":"COMBO","dr_sub_category":"HOSPITAL PRIVATE","dr_chanel":"HOSPITAL","dr_day_visit":"RABU & JUMAT","dr_visiting_hour":"18.00","dr_number_patient":30,"dr_kol_not":"NOT","dr_gender":"L         ","dr_phone":null,"dr_email":null,"dr_birthday":null,"dr_dk_lk":"DK        ","dr_used_session":0,"dr_used_remaining":4,"dr_used_month_session":null,"dr_status":1,"dr_sales_session":0,"dr_sales_month_session":null},{"dr_code":434022,"dr_sbo":"376                 ","dr_name":"DEDET B UTOYO","dr_spec":"GP        ","dr_sub_spec":"GP REGULAR","dr_quadrant":"Q2        ","cust_id":5630,"dr_address":"JL. AHMAD YANI","dr_area_mis":"WEST      ","dr_sum":1,"dr_category":"REGULAR","dr_sub_category":"PRIVATE PRESCRIBER","dr_chanel":"PHARMACY","dr_day_visit":"SENIN - JUMAT","dr_visiting_hour":"11.00","dr_number_patient":10,"dr_kol_not":"NOT","dr_gender":"P         ","dr_phone":null,"dr_email":null,"dr_birthday":null,"dr_dk_lk":"DK        ","dr_used_session":0,"dr_used_remaining":4,"dr_used_month_session":null,"dr_status":1,"dr_sales_session":1,"dr_sales_month_session":4},{"dr_code":434023,"dr_sbo":"376                 ","dr_name":"DEWI RATIH CAHYANI","dr_spec":"Sp.S      ","dr_sub_spec":"Sp.S      ","dr_quadrant":"Q2        ","cust_id":5681,"dr_address":"JL. DR. SEMERU NO. 120 BOGOR","dr_area_mis":"WEST      ","dr_sum":1,"dr_category":"BPJS","dr_sub_category":"RSU-B","dr_chanel":"HOSPITAL","dr_day_visit":"SENIN - JUMAT","dr_visiting_hour":"19.00","dr_number_patient":10,"dr_kol_not":"NOT","dr_gender":"P         ","dr_phone":null,"dr_email":null,"dr_birthday":null,"dr_dk_lk":"DK        ","dr_used_session":0,"dr_used_remaining":4,"dr_used_month_session":null,"dr_status":1,"dr_sales_session":0,"dr_sales_month_session":null},{"dr_code":434027,"dr_sbo":"376                 ","dr_name":"DWI ILFARAH DJUNAIDI","dr_spec":"Sp.PD     ","dr_sub_spec":"Sp.PD     ","dr_quadrant":"Q2        ","cust_id":25499,"dr_address":"JL. PERDANA RAYA NO.22 BOGOR","dr_area_mis":"WEST      ","dr_sum":1,"dr_category":"COMBO","dr_sub_category":"HOSPITAL PRIVATE","dr_chanel":"HOSPITAL","dr_day_visit":"SENIN - JUMAT","dr_visiting_hour":"19.00","dr_number_patient":20,"dr_kol_not":"NOT","dr_gender":"P         ","dr_phone":"","dr_email":null,"dr_birthday":null,"dr_dk_lk":"DK        ","dr_used_session":0,"dr_used_remaining":4,"dr_used_month_session":null,"dr_status":1,"dr_sales_session":0,"dr_sales_month_session":null},{"dr_code":434030,"dr_sbo":"376                 ","dr_name":"EKO SUPRAYOGI","dr_spec":"Sp.An     ","dr_sub_spec":"Sp.An     ","dr_quadrant":"Q2        ","cust_id":5681,"dr_address":"JL. DR. SEMERU NO. 120 BOGOR","dr_area_mis":"WEST      ","dr_sum":1,"dr_category":"BPJS","dr_sub_category":"RSU-B","dr_chanel":"HOSPITAL","dr_day_visit":"JUMAT","dr_visiting_hour":"20.00","dr_number_patient":30,"dr_kol_not":"NOT","dr_gender":"L         ","dr_phone":"","dr_email":null,"dr_birthday":null,"dr_dk_lk":"DK        ","dr_used_session":0,"dr_used_remaining":4,"dr_used_month_session":null,"dr_status":1,"dr_sales_session":0,"dr_sales_month_session":null},{"dr_code":434031,"dr_sbo":"376                 ","dr_name":"ERWANTO BUDI WINULYO","dr_spec":"Sp.PD     ","dr_sub_spec":"KAI       ","dr_quadrant":"Q2        ","cust_id":158481,"dr_address":"JL. RAYA DRAMAGA KM 7 BOGOR","dr_area_mis":"WEST      ","dr_sum":1,"dr_category":"COMBO","dr_sub_category":"HOSPITAL PRIVATE","dr_chanel":"HOSPITAL","dr_day_visit":"SELASA & KAMIS","dr_visiting_hour":"16.00","dr_number_patient":5,"dr_kol_not":"NOT","dr_gender":"L         ","dr_phone":"","dr_email":null,"dr_birthday":null,"dr_dk_lk":"DK        ","dr_used_session":0,"dr_used_remaining":4,"dr_used_month_session":null,"dr_status":1,"dr_sales_session":1,"dr_sales_month_session":3},{"dr_code":434036,"dr_sbo":"376                 ","dr_name":"HABIB FATHONI","dr_spec":"GP        ","dr_sub_spec":"GP REGULAR","dr_quadrant":"Q2        ","cust_id":169011,"dr_address":"JL. RAYA DRAMAGA KM 7 BOGOR","dr_area_mis":"WEST      ","dr_sum":1,"dr_category":"COMBO","dr_sub_category":"PRIVATE PRESCRIBER","dr_chanel":"PHARMACY","dr_day_visit":"SENIN & KAMIS","dr_visiting_hour":"14.00","dr_number_patient":10,"dr_kol_not":"NOT","dr_gender":"L         ","dr_phone":"","dr_email":null,"dr_birthday":null,"dr_dk_lk":"DK        ","dr_used_session":0,"dr_used_remaining":4,"dr_used_month_session":null,"dr_status":1,"dr_sales_session":0,"dr_sales_month_session":null},{"dr_code":434039,"dr_sbo":"376                 ","dr_name":"HANDOKO","dr_spec":"GP        ","dr_sub_spec":"GP REGULAR","dr_quadrant":"Q2        ","cust_id":5649,"dr_address":"JL. IR. H. JUANDA NO. 30 BOGOR","dr_area_mis":"WEST      ","dr_sum":1,"dr_category":"COMBO","dr_sub_category":"CLINIC","dr_chanel":"PHARMACY","dr_day_visit":"SENIN - JUMAT","dr_visiting_hour":"16.00","dr_number_patient":10,"dr_kol_not":"NOT","dr_gender":"L         ","dr_phone":null,"dr_email":null,"dr_birthday":null,"dr_dk_lk":"DK        ","dr_used_session":0,"dr_used_remaining":4,"dr_used_month_session":null,"dr_status":1,"dr_sales_session":1,"dr_sales_month_session":3},{"dr_code":434040,"dr_sbo":"376                 ","dr_name":"HARIADI WIROTO","dr_spec":"Sp.PD     ","dr_sub_spec":"Sp.PD     ","dr_quadrant":"Q2        ","cust_id":5681,"dr_address":"JL. DR. SEMERU NO. 120 BOGOR","dr_area_mis":"WEST      ","dr_sum":1,"dr_category":"COMBO","dr_sub_category":"RSU-B","dr_chanel":"PHARMACY","dr_day_visit":"SENIN - JUMAT","dr_visiting_hour":"20.00","dr_number_patient":10,"dr_kol_not":"NOT","dr_gender":"L         ","dr_phone":"","dr_email":null,"dr_birthday":null,"dr_dk_lk":"DK        ","dr_used_session":0,"dr_used_remaining":4,"dr_used_month_session":null,"dr_status":1,"dr_sales_session":0,"dr_sales_month_session":null},{"dr_code":434043,"dr_sbo":"376                 ","dr_name":"HERVIANA","dr_spec":"Sp.S      ","dr_sub_spec":"Sp.S      ","dr_quadrant":"Q2        ","cust_id":104441,"dr_address":"JL. RAYA PARUNG KM 42 BOGOR","dr_area_mis":"WEST      ","dr_sum":1,"dr_category":"COMBO","dr_sub_category":"HOSPITAL PRIVATE","dr_chanel":"HOSPITAL","dr_day_visit":"SENIN - JUMAT","dr_visiting_hour":"16.00","dr_number_patient":20,"dr_kol_not":"NOT","dr_gender":"P         ","dr_phone":"","dr_email":null,"dr_birthday":null,"dr_dk_lk":"DK        ","dr_used_session":0,"dr_used_remaining":4,"dr_used_month_session":null,"dr_status":1,"dr_sales_session":1,"dr_sales_month_session":3},{"dr_code":434044,"dr_sbo":"376                 ","dr_name":"IRAWATI LUTFI","dr_spec":"Sp.JP     ","dr_sub_spec":"Sp.JP     ","dr_quadrant":"Q2        ","cust_id":5649,"dr_address":"JL. IR. H. JUANDA NO. 30 BOGOR","dr_area_mis":"WEST      ","dr_sum":1,"dr_category":"COMBO","dr_sub_category":"CLINIC","dr_chanel":"PHARMACY","dr_day_visit":"SENIN - JUMAT","dr_visiting_hour":"15.00","dr_number_patient":5,"dr_kol_not":"NOT","dr_gender":"P         ","dr_phone":"","dr_email":null,"dr_birthday":null,"dr_dk_lk":"DK        ","dr_used_session":0,"dr_used_remaining":4,"dr_used_month_session":null,"dr_status":1,"dr_sales_session":0,"dr_sales_month_session":null},{"dr_code":434045,"dr_sbo":"376                 ","dr_name":"ITTA KALIGIS","dr_spec":"GP        ","dr_sub_spec":"GP REGULAR","dr_quadrant":"Q2        ","cust_id":5704,"dr_address":"JL. PANCASAN","dr_area_mis":"WEST      ","dr_sum":1,"dr_category":"REGULAR","dr_sub_category":"PRIVATE PRESCRIBER","dr_chanel":"PHARMACY","dr_day_visit":"SENIN - JUMAT","dr_visiting_hour":"15.00","dr_number_patient":10,"dr_kol_not":"NOT","dr_gender":"P         ","dr_phone":null,"dr_email":null,"dr_birthday":null,"dr_dk_lk":"DK        ","dr_used_session":0,"dr_used_remaining":4,"dr_used_month_session":null,"dr_status":1,"dr_sales_session":0,"dr_sales_month_session":null},{"dr_code":434046,"dr_sbo":"376                 ","dr_name":"J M SUGIARTA","dr_spec":"GP        ","dr_sub_spec":"GP REGULAR","dr_quadrant":"Q2        ","cust_id":5672,"dr_address":"JL. VETERAN NO. 36 BOGOR","dr_area_mis":"WEST      ","dr_sum":1,"dr_category":"REGULAR","dr_sub_category":"PRIVATE PRESCRIBER","dr_chanel":"PHARMACY","dr_day_visit":"SENIN - JUMAT","dr_visiting_hour":"13.00","dr_number_patient":15,"dr_kol_not":"NOT","dr_gender":"L         ","dr_phone":null,"dr_email":null,"dr_birthday":null,"dr_dk_lk":"DK        ","dr_used_session":0,"dr_used_remaining":4,"dr_used_month_session":null,"dr_status":1,"dr_sales_session":1,"dr_sales_month_session":3},{"dr_code":434047,"dr_sbo":"376                 ","dr_name":"JANUAR ARIFIN","dr_spec":"GP        ","dr_sub_spec":"GP REGULAR","dr_quadrant":"Q2        ","cust_id":5644,"dr_address":"JL. GEDONG SAWAH BOGOR","dr_area_mis":"WEST      ","dr_sum":1,"dr_category":"REGULAR","dr_sub_category":"PRIVATE PRESCRIBER","dr_chanel":"PHARMACY","dr_day_visit":"SENIN - JUMAT","dr_visiting_hour":"13.00","dr_number_patient":15,"dr_kol_not":"NOT","dr_gender":"L         ","dr_phone":null,"dr_email":null,"dr_birthday":null,"dr_dk_lk":"DK        ","dr_used_session":0,"dr_used_remaining":4,"dr_used_month_session":null,"dr_status":1,"dr_sales_session":0,"dr_sales_month_session":null},{"dr_code":434049,"dr_sbo":"376                 ","dr_name":"KARTINI","dr_spec":"GP        ","dr_sub_spec":"GP REGULAR","dr_quadrant":"Q2        ","cust_id":5649,"dr_address":"JL. IR. H. JUANDA NO. 30 BOGOR","dr_area_mis":"WEST      ","dr_sum":1,"dr_category":"REGULAR","dr_sub_category":"PRIVATE PRESCRIBER","dr_chanel":"PHARMACY","dr_day_visit":"SENIN - JUMAT","dr_visiting_hour":"15.00","dr_number_patient":10,"dr_kol_not":"NOT","dr_gender":"P         ","dr_phone":null,"dr_email":null,"dr_birthday":null,"dr_dk_lk":"DK        ","dr_used_session":0,"dr_used_remaining":4,"dr_used_month_session":null,"dr_status":1,"dr_sales_session":1,"dr_sales_month_session":4},{"dr_code":434053,"dr_sbo":"376                 ","dr_name":"LINDA SARI","dr_spec":"GP        ","dr_sub_spec":"GP REGULAR","dr_quadrant":"Q2        ","cust_id":5649,"dr_address":"JL. IR. H. JUANDA NO. 30 BOGOR","dr_area_mis":"WEST      ","dr_sum":1,"dr_category":"COMBO","dr_sub_category":"CLINIC","dr_chanel":"PHARMACY","dr_day_visit":"SENIN - JUMAT","dr_visiting_hour":"20.00","dr_number_patient":10,"dr_kol_not":"NOT","dr_gender":"P         ","dr_phone":"81310527588","dr_email":null,"dr_birthday":null,"dr_dk_lk":"DK        ","dr_used_session":0,"dr_used_remaining":4,"dr_used_month_session":null,"dr_status":1,"dr_sales_session":0,"dr_sales_month_session":null},{"dr_code":434055,"dr_sbo":"376                 ","dr_name":"M SEDIJONO","dr_spec":"Sp.PD     ","dr_sub_spec":"Sp.PD     ","dr_quadrant":"Q2        ","cust_id":5649,"dr_address":"JL. IR. H. JUANDA NO. 30 BOGOR","dr_area_mis":"WEST      ","dr_sum":1,"dr_category":"COMBO","dr_sub_category":"CLINIC","dr_chanel":"PHARMACY","dr_day_visit":"SENIN - JUMAT","dr_visiting_hour":"14.00","dr_number_patient":15,"dr_kol_not":"NOT","dr_gender":"L         ","dr_phone":"","dr_email":null,"dr_birthday":null,"dr_dk_lk":"DK        ","dr_used_session":0,"dr_used_remaining":4,"dr_used_month_session":null,"dr_status":1,"dr_sales_session":1,"dr_sales_month_session":3},{"dr_code":434057,"dr_sbo":"376                 ","dr_name":"M. TAUFIQ","dr_spec":"GP        ","dr_sub_spec":"GP REGULAR","dr_quadrant":"Q2        ","cust_id":5630,"dr_address":"JL. AHMAD YANI","dr_area_mis":"WEST      ","dr_sum":1,"dr_category":"REGULAR","dr_sub_category":"PRIVATE PRESCRIBER","dr_chanel":"PHARMACY","dr_day_visit":"SENIN - JUMAT","dr_visiting_hour":"15.00","dr_number_patient":10,"dr_kol_not":"NOT","dr_gender":"L         ","dr_phone":null,"dr_email":null,"dr_birthday":null,"dr_dk_lk":"DK        ","dr_used_session":0,"dr_used_remaining":4,"dr_used_month_session":null,"dr_status":1,"dr_sales_session":0,"dr_sales_month_session":null},{"dr_code":434059,"dr_sbo":"376                 ","dr_name":"MARLAINI ","dr_spec":"Sp.S      ","dr_sub_spec":"Sp.S      ","dr_quadrant":"Q2        ","cust_id":158481,"dr_address":"JL. RAYA DRAMAGA KM 7 BOGOR","dr_area_mis":"WEST      ","dr_sum":1,"dr_category":"COMBO","dr_sub_category":"HOSPITAL PRIVATE","dr_chanel":"HOSPITAL","dr_day_visit":"SELASA & KAMIS","dr_visiting_hour":"14.00","dr_number_patient":10,"dr_kol_not":"NOT","dr_gender":"P         ","dr_phone":null,"dr_email":null,"dr_birthday":null,"dr_dk_lk":"DK        ","dr_used_session":0,"dr_used_remaining":4,"dr_used_month_session":null,"dr_status":1,"dr_sales_session":0,"dr_sales_month_session":null},{"dr_code":434061,"dr_sbo":"376                 ","dr_name":"MAX SANTOSO","dr_spec":"GP        ","dr_sub_spec":"GP REGULAR","dr_quadrant":"Q2        ","cust_id":39381,"dr_address":"JL. JEND SUDIRMAN","dr_area_mis":"WEST      ","dr_sum":1,"dr_category":"REGULAR","dr_sub_category":"PRIVATE PRESCRIBER","dr_chanel":"PHARMACY","dr_day_visit":"SENIN - JUMAT","dr_visiting_hour":"12.00","dr_number_patient":10,"dr_kol_not":"NOT","dr_gender":"L         ","dr_phone":null,"dr_email":null,"dr_birthday":null,"dr_dk_lk":"DK        ","dr_used_session":0,"dr_used_remaining":4,"dr_used_month_session":null,"dr_status":1,"dr_sales_session":0,"dr_sales_month_session":null},{"dr_code":434062,"dr_sbo":"376                 ","dr_name":"MEILIAWATI","dr_spec":"GP        ","dr_sub_spec":"GP REGULAR","dr_quadrant":"Q2        ","cust_id":170807,"dr_address":"JL. RAYA CIOMAS","dr_area_mis":"WEST      ","dr_sum":1,"dr_category":"REGULAR","dr_sub_category":"PRIVATE PRESCRIBER","dr_chanel":"PHARMACY","dr_day_visit":"SENIN - JUMAT","dr_visiting_hour":"12.00","dr_number_patient":10,"dr_kol_not":"NOT","dr_gender":"P         ","dr_phone":null,"dr_email":null,"dr_birthday":null,"dr_dk_lk":"DK        ","dr_used_session":0,"dr_used_remaining":4,"dr_used_month_session":null,"dr_status":1,"dr_sales_session":1,"dr_sales_month_session":3},{"dr_code":434064,"dr_sbo":"376                 ","dr_name":"MERIANTI","dr_spec":"Sp.PD     ","dr_sub_spec":"Sp.PD     ","dr_quadrant":"Q2        ","cust_id":104441,"dr_address":"JL. RAYA PARUNG KM 42 BOGOR","dr_area_mis":"WEST      ","dr_sum":1,"dr_category":"COMBO","dr_sub_category":"HOSPITAL PRIVATE","dr_chanel":"HOSPITAL","dr_day_visit":"SENIN - JUMAT","dr_visiting_hour":"14.00","dr_number_patient":20,"dr_kol_not":"NOT","dr_gender":"P         ","dr_phone":"","dr_email":null,"dr_birthday":null,"dr_dk_lk":"DK        ","dr_used_session":0,"dr_used_remaining":4,"dr_used_month_session":null,"dr_status":1,"dr_sales_session":1,"dr_sales_month_session":3},{"dr_code":434071,"dr_sbo":"376                 ","dr_name":"RENUNG KASTOPO","dr_spec":"GP        ","dr_sub_spec":"GP REGULAR","dr_quadrant":"Q2        ","cust_id":5649,"dr_address":"JL. IR. H. JUANDA NO. 30 BOGOR","dr_area_mis":"WEST      ","dr_sum":1,"dr_category":"COMBO","dr_sub_category":"CLINIC","dr_chanel":"PHARMACY","dr_day_visit":"SENIN - JUMAT","dr_visiting_hour":"14.00","dr_number_patient":10,"dr_kol_not":"NOT","dr_gender":"L         ","dr_phone":null,"dr_email":null,"dr_birthday":null,"dr_dk_lk":"DK        ","dr_used_session":0,"dr_used_remaining":4,"dr_used_month_session":null,"dr_status":1,"dr_sales_session":1,"dr_sales_month_session":3},{"dr_code":434073,"dr_sbo":"376                 ","dr_name":"RINA ELFIANI","dr_spec":"Sp.JP     ","dr_sub_spec":"Sp.JP     ","dr_quadrant":"Q2        ","cust_id":5649,"dr_address":"JL. DR. SEMERU NO. 120 BOGOR","dr_area_mis":"WEST      ","dr_sum":1,"dr_category":"COMBO","dr_sub_category":"CLINIC","dr_chanel":"PHARMACY","dr_day_visit":"SENIN - JUMAT","dr_visiting_hour":"16.00","dr_number_patient":25,"dr_kol_not":"NOT","dr_gender":"P         ","dr_phone":"8121032006","dr_email":null,"dr_birthday":null,"dr_dk_lk":"DK        ","dr_used_session":0,"dr_used_remaining":4,"dr_used_month_session":null,"dr_status":1,"dr_sales_session":0,"dr_sales_month_session":null},{"dr_code":434078,"dr_sbo":"376                 ","dr_name":"SRI MUTIARAWATI","dr_spec":"GP        ","dr_sub_spec":"GP REGULAR","dr_quadrant":"Q2        ","cust_id":5687,"dr_address":"JL. SAWO JAJAR NO. 21 BOGOR","dr_area_mis":"WEST      ","dr_sum":1,"dr_category":"COMBO","dr_sub_category":"PRIVATE PRESCRIBER","dr_chanel":"PHARMACY","dr_day_visit":"SENIN - JUMAT","dr_visiting_hour":"15","dr_number_patient":15,"dr_kol_not":"NOT","dr_gender":"P         ","dr_phone":"","dr_email":null,"dr_birthday":null,"dr_dk_lk":"DK        ","dr_used_session":0,"dr_used_remaining":4,"dr_used_month_session":null,"dr_status":1,"dr_sales_session":1,"dr_sales_month_session":3},{"dr_code":434080,"dr_sbo":"376                 ","dr_name":"SUDRAJAT","dr_spec":"GP        ","dr_sub_spec":"GP REGULAR","dr_quadrant":"Q2        ","cust_id":5687,"dr_address":"JL. SAWO JAJAR NO. 21 BOGOR","dr_area_mis":"WEST      ","dr_sum":1,"dr_category":"REGULAR","dr_sub_category":"PRIVATE PRESCRIBER","dr_chanel":"PHARMACY","dr_day_visit":"SENIN - JUMAT","dr_visiting_hour":"15.00","dr_number_patient":40,"dr_kol_not":"NOT","dr_gender":"L         ","dr_phone":null,"dr_email":null,"dr_birthday":null,"dr_dk_lk":"DK        ","dr_used_session":0,"dr_used_remaining":4,"dr_used_month_session":null,"dr_status":1,"dr_sales_session":1,"dr_sales_month_session":3},{"dr_code":434082,"dr_sbo":"376                 ","dr_name":"SUKSMONO HARICAHYO","dr_spec":"Sp.PD     ","dr_sub_spec":"Sp.PD     ","dr_quadrant":"Q2        ","cust_id":5681,"dr_address":"JL. DR. SEMERU NO. 120 BOGOR","dr_area_mis":"WEST      ","dr_sum":1,"dr_category":"BPJS","dr_sub_category":"RSU-B","dr_chanel":"HOSPITAL","dr_day_visit":"SENIN & KAMIS","dr_visiting_hour":"12.00","dr_number_patient":20,"dr_kol_not":"NOT","dr_gender":"P         ","dr_phone":"","dr_email":null,"dr_birthday":null,"dr_dk_lk":"DK        ","dr_used_session":0,"dr_used_remaining":4,"dr_used_month_session":null,"dr_status":1,"dr_sales_session":0,"dr_sales_month_session":null},{"dr_code":434086,"dr_sbo":"376                 ","dr_name":"TATTY SATYAWATI","dr_spec":"GP        ","dr_sub_spec":"GP REGULAR","dr_quadrant":"Q2        ","cust_id":5684,"dr_address":"JL. VETERAN BOGOR","dr_area_mis":"WEST      ","dr_sum":1,"dr_category":"REGULAR","dr_sub_category":"PRIVATE PRESCRIBER","dr_chanel":"PHARMACY","dr_day_visit":"SENIN - JUMAT","dr_visiting_hour":"14.00","dr_number_patient":15,"dr_kol_not":"NOT","dr_gender":"P         ","dr_phone":null,"dr_email":null,"dr_birthday":null,"dr_dk_lk":"DK        ","dr_used_session":0,"dr_used_remaining":4,"dr_used_month_session":null,"dr_status":1,"dr_sales_session":1,"dr_sales_month_session":3},{"dr_code":434093,"dr_sbo":"376                 ","dr_name":"YETI HARIYATI","dr_spec":"Sp.PD     ","dr_sub_spec":"Sp.PD     ","dr_quadrant":"Q2        ","cust_id":5681,"dr_address":"JL. DR. SEMERU NO. 120 BOGOR","dr_area_mis":"WEST      ","dr_sum":1,"dr_category":"BPJS","dr_sub_category":"RSU-B","dr_chanel":"HOSPITAL","dr_day_visit":"SENIN & KAMIS","dr_visiting_hour":"15.00","dr_number_patient":20,"dr_kol_not":"NOT","dr_gender":"L         ","dr_phone":null,"dr_email":null,"dr_birthday":null,"dr_dk_lk":"DK        ","dr_used_session":0,"dr_used_remaining":4,"dr_used_month_session":null,"dr_status":1,"dr_sales_session":0,"dr_sales_month_session":null},{"dr_code":434095,"dr_sbo":"376                 ","dr_name":"YUDHI SUSANTO","dr_spec":"GP        ","dr_sub_spec":"GP REGULAR","dr_quadrant":"Q2        ","cust_id":5649,"dr_address":"JL. IR. H. JUANDA NO. 30 BOGOR","dr_area_mis":"WEST      ","dr_sum":1,"dr_category":"COMBO","dr_sub_category":"CLINIC","dr_chanel":"PHARMACY","dr_day_visit":"SENIN","dr_visiting_hour":"17.00","dr_number_patient":10,"dr_kol_not":"NOT","dr_gender":"L         ","dr_phone":null,"dr_email":null,"dr_birthday":null,"dr_dk_lk":"DK        ","dr_used_session":0,"dr_used_remaining":4,"dr_used_month_session":null,"dr_status":1,"dr_sales_session":0,"dr_sales_month_session":null},{"dr_code":434099,"dr_sbo":"376                 ","dr_name":"ZAENAL ALIMIN","dr_spec":"GP        ","dr_sub_spec":"GP HOSPITA","dr_quadrant":"Q3        ","cust_id":158481,"dr_address":"JL. RAYA DRAMAGA KM 7 BOGOR","dr_area_mis":"WEST      ","dr_sum":1,"dr_category":"COMBO","dr_sub_category":"HOSPITAL PRIVATE","dr_chanel":"HOSPITAL","dr_day_visit":"SENIN - JUMAT","dr_visiting_hour":"15.00","dr_number_patient":10,"dr_kol_not":"NOT","dr_gender":"L         ","dr_phone":null,"dr_email":null,"dr_birthday":null,"dr_dk_lk":"DK        ","dr_used_session":0,"dr_used_remaining":1,"dr_used_month_session":null,"dr_status":1,"dr_sales_session":0,"dr_sales_month_session":null},{"dr_code":434100,"dr_sbo":"376                 ","dr_name":"ZAINAL ARIFIN","dr_spec":"Sp.S      ","dr_sub_spec":"Sp.S      ","dr_quadrant":"Q2        ","cust_id":5681,"dr_address":"JL. DR. SEMERU NO. 120 BOGOR","dr_area_mis":"WEST      ","dr_sum":1,"dr_category":"BPJS","dr_sub_category":"RSU-A","dr_chanel":"HOSPITAL","dr_day_visit":"RABU & JUMAT","dr_visiting_hour":"17.00","dr_number_patient":20,"dr_kol_not":"NOT","dr_gender":"L         ","dr_phone":"","dr_email":null,"dr_birthday":null,"dr_dk_lk":"DK        ","dr_used_session":0,"dr_used_remaining":4,"dr_used_month_session":null,"dr_status":1,"dr_sales_session":0,"dr_sales_month_session":null},{"dr_code":435005,"dr_sbo":"376                 ","dr_name":"ADI TERUNA","dr_spec":"Sp.PD     ","dr_sub_spec":"Sp.PD     ","dr_quadrant":"Q2        ","cust_id":108880,"dr_address":"JL. MH. THAMRIN NO. 1 SENTUL CITY","dr_area_mis":"WEST      ","dr_sum":1,"dr_category":"REGULAR","dr_sub_category":"HOSPITAL PRIVATE","dr_chanel":"HOSPITAL","dr_day_visit":"SELASA","dr_visiting_hour":"18.00","dr_number_patient":10,"dr_kol_not":"NOT","dr_gender":"L         ","dr_phone":"","dr_email":"","dr_birthday":null,"dr_dk_lk":"DK        ","dr_used_session":0,"dr_used_remaining":4,"dr_used_month_session":null,"dr_status":1,"dr_sales_session":1,"dr_sales_month_session":3},{"dr_code":435015,"dr_sbo":"376                 ","dr_name":"CAMELIA","dr_spec":"Sp.PD     ","dr_sub_spec":"Sp.PD     ","dr_quadrant":"Q3        ","cust_id":159536,"dr_address":"JL. SILIWANGI NO. 139 SUKABUMI","dr_area_mis":"WEST      ","dr_sum":1,"dr_category":"REGULAR","dr_sub_category":"HOSPITAL PRIVATE","dr_chanel":"HOSPITAL","dr_day_visit":"SENIN","dr_visiting_hour":"13.00","dr_number_patient":10,"dr_kol_not":"NOT","dr_gender":"P         ","dr_phone":"","dr_email":null,"dr_birthday":null,"dr_dk_lk":"LK        ","dr_used_session":0,"dr_used_remaining":1,"dr_used_month_session":null,"dr_status":1,"dr_sales_session":0,"dr_sales_month_session":null},{"dr_code":435020,"dr_sbo":"376                 ","dr_name":"DEDY MARYANTO","dr_spec":"Sp.S      ","dr_sub_spec":"Sp.S      ","dr_quadrant":"Q3        ","cust_id":74732,"dr_address":"JL. JEND. AHMAD YANI NO. 18 SUKABUMI","dr_area_mis":"WEST      ","dr_sum":1,"dr_category":"REGULAR","dr_sub_category":"HOSPITAL PRIVATE","dr_chanel":"HOSPITAL","dr_day_visit":"SENIN - JUMAT","dr_visiting_hour":"15.00","dr_number_patient":10,"dr_kol_not":"NOT","dr_gender":"L         ","dr_phone":"","dr_email":null,"dr_birthday":null,"dr_dk_lk":"LK        ","dr_used_session":0,"dr_used_remaining":1,"dr_used_month_session":null,"dr_status":1,"dr_sales_session":0,"dr_sales_month_session":null},{"dr_code":435037,"dr_sbo":"376                 ","dr_name":"HASRIL HADIS","dr_spec":"Sp.JP     ","dr_sub_spec":"Sp.JP     ","dr_quadrant":"Q2        ","cust_id":108880,"dr_address":"JL. MH. THAMRIN NO. 1 SENTUL CITY","dr_area_mis":"WEST      ","dr_sum":1,"dr_category":"REGULAR","dr_sub_category":"HOSPITAL PRIVATE","dr_chanel":"HOSPITAL","dr_day_visit":"SELASA & KAMIS","dr_visiting_hour":"19.20","dr_number_patient":10,"dr_kol_not":"NOT","dr_gender":"L         ","dr_phone":null,"dr_email":null,"dr_birthday":null,"dr_dk_lk":"DK        ","dr_used_session":0,"dr_used_remaining":4,"dr_used_month_session":null,"dr_status":1,"dr_sales_session":1,"dr_sales_month_session":3},{"dr_code":435047,"dr_sbo":"376                 ","dr_name":"KATHARINA","dr_spec":"Sp.PD     ","dr_sub_spec":"Sp.PD     ","dr_quadrant":"Q3        ","cust_id":24810,"dr_address":"JL. RUMAH SAKIT NO. 1 SUKABUMI","dr_area_mis":"WEST      ","dr_sum":1,"dr_category":"REGULAR","dr_sub_category":"PRIVATE PRESCRIBER","dr_chanel":"PHARMACY","dr_day_visit":"SENIN - JUMAT","dr_visiting_hour":"19.00","dr_number_patient":10,"dr_kol_not":"NOT","dr_gender":"P         ","dr_phone":"","dr_email":null,"dr_birthday":null,"dr_dk_lk":"LK        ","dr_used_session":0,"dr_used_remaining":1,"dr_used_month_session":null,"dr_status":1,"dr_sales_session":0,"dr_sales_month_session":null},{"dr_code":435053,"dr_sbo":"376                 ","dr_name":"M YAMIN LUBIS","dr_spec":"Sp.PD     ","dr_sub_spec":"Sp.PD     ","dr_quadrant":"Q2        ","cust_id":108880,"dr_address":"JL. MH. THAMRIN NO. 1 SENTUL CITY","dr_area_mis":"WEST      ","dr_sum":1,"dr_category":"COMBO","dr_sub_category":"HOSPITAL PRIVATE","dr_chanel":"HOSPITAL","dr_day_visit":"RABU & JUMAT","dr_visiting_hour":"15.00","dr_number_patient":15,"dr_kol_not":"NOT","dr_gender":"L         ","dr_phone":"","dr_email":null,"dr_birthday":null,"dr_dk_lk":"DK        ","dr_used_session":0,"dr_used_remaining":4,"dr_used_month_session":null,"dr_status":1,"dr_sales_session":1,"dr_sales_month_session":3},{"dr_code":435057,"dr_sbo":"376                 ","dr_name":"MARULI MANGUNSONG","dr_spec":"Sp.S      ","dr_sub_spec":"Sp.S      ","dr_quadrant":"Q3        ","cust_id":24295,"dr_address":"JL. AHMAD YANI SUKABUMI","dr_area_mis":"WEST      ","dr_sum":1,"dr_category":"REGULAR","dr_sub_category":"PRIVATE PRESCRIBER","dr_chanel":"PHARMACY","dr_day_visit":"SENIN - JUMAT","dr_visiting_hour":"9.00","dr_number_patient":10,"dr_kol_not":"NOT","dr_gender":"L         ","dr_phone":"","dr_email":null,"dr_birthday":null,"dr_dk_lk":"LK        ","dr_used_session":0,"dr_used_remaining":1,"dr_used_month_session":null,"dr_status":1,"dr_sales_session":0,"dr_sales_month_session":null},{"dr_code":435064,"dr_sbo":"376                 ","dr_name":"NIKO","dr_spec":"Sp.PD     ","dr_sub_spec":"Sp.PD     ","dr_quadrant":"Q3        ","cust_id":74732,"dr_address":"JL. JEND. AHMAD YANI NO. 18 SUKABUMI","dr_area_mis":"WEST      ","dr_sum":1,"dr_category":"REGULAR","dr_sub_category":"HOSPITAL PRIVATE","dr_chanel":"HOSPITAL","dr_day_visit":"SENIN - JUMAT","dr_visiting_hour":"12.00","dr_number_patient":25,"dr_kol_not":"NOT","dr_gender":"L         ","dr_phone":"","dr_email":null,"dr_birthday":null,"dr_dk_lk":"LK        ","dr_used_session":0,"dr_used_remaining":1,"dr_used_month_session":null,"dr_status":1,"dr_sales_session":0,"dr_sales_month_session":null},{"dr_code":435074,"dr_sbo":"376                 ","dr_name":"RIDWAN A SANUSI","dr_spec":"Sp.S      ","dr_sub_spec":"Sp.S      ","dr_quadrant":"Q3        ","cust_id":74732,"dr_address":"JL. JEND. AHMAD YANI NO. 18 SUKABUMI","dr_area_mis":"WEST      ","dr_sum":1,"dr_category":"REGULAR","dr_sub_category":"HOSPITAL PRIVATE","dr_chanel":"HOSPITAL","dr_day_visit":"SENIN - JUMAT","dr_visiting_hour":"19.00","dr_number_patient":15,"dr_kol_not":"NOT","dr_gender":"L         ","dr_phone":"","dr_email":null,"dr_birthday":null,"dr_dk_lk":"LK        ","dr_used_session":0,"dr_used_remaining":1,"dr_used_month_session":null,"dr_status":1,"dr_sales_session":0,"dr_sales_month_session":null},{"dr_code":435076,"dr_sbo":"376                 ","dr_name":"RISWAN MUCHTAR","dr_spec":"Sp.PD     ","dr_sub_spec":"Sp.PD     ","dr_quadrant":"Q3        ","cust_id":24317,"dr_address":"JL. AHMAD YANI SUKABUMI","dr_area_mis":"WEST      ","dr_sum":1,"dr_category":"REGULAR","dr_sub_category":"PRIVATE PRESCRIBER","dr_chanel":"PHARMACY","dr_day_visit":"SENIN - JUMAT","dr_visiting_hour":"13.00","dr_number_patient":25,"dr_kol_not":"NOT","dr_gender":"L         ","dr_phone":"","dr_email":null,"dr_birthday":null,"dr_dk_lk":"LK        ","dr_used_session":0,"dr_used_remaining":1,"dr_used_month_session":null,"dr_status":1,"dr_sales_session":0,"dr_sales_month_session":null},{"dr_code":435088,"dr_sbo":"376                 ","dr_name":"TUTWURI","dr_spec":"Sp.S      ","dr_sub_spec":"Sp.S      ","dr_quadrant":"Q3        ","cust_id":24810,"dr_address":"JL. RUMAH SAKIT NO. 1 SUKABUMI","dr_area_mis":"WEST      ","dr_sum":1,"dr_category":"COMBO","dr_sub_category":"HOSPITAL GOVERNMENT","dr_chanel":"HOSPITAL","dr_day_visit":"KAMIS","dr_visiting_hour":"12.00","dr_number_patient":20,"dr_kol_not":"NOT","dr_gender":"P         ","dr_phone":"","dr_email":null,"dr_birthday":null,"dr_dk_lk":"LK        ","dr_used_session":0,"dr_used_remaining":1,"dr_used_month_session":null,"dr_status":1,"dr_sales_session":0,"dr_sales_month_session":null},{"dr_code":100005,"dr_sbo":null,"dr_name":"OTHERS","dr_spec":"N/A       ","dr_sub_spec":"N/A       ","dr_quadrant":"N/A       ","cust_id":null,"dr_address":"N/A","dr_area_mis":"N/A       ","dr_sum":0,"dr_category":"N/A       ","dr_sub_category":"N/A       ","dr_chanel":"N/A       ","dr_day_visit":"N/A       ","dr_visiting_hour":"N/A       ","dr_number_patient":0,"dr_kol_not":"N/A       ","dr_gender":"N/A       ","dr_phone":null,"dr_email":"N/A       ","dr_birthday":null,"dr_dk_lk":"N/A       ","dr_used_session":0,"dr_used_remaining":null,"dr_used_month_session":null,"dr_status":1,"dr_sales_session":0,"dr_sales_month_session":null}]
