[{"vd_id":1676668,"visit_id":"V19040886","visit_code":"T22B      ","vd_value":1,"vd_date_saved":"2019-02-07T09:08:55.573","sp_sp":0,"sp_percentage":0},{"vd_id":1676672,"visit_id":"V19040886","visit_code":"T22       ","vd_value":1,"vd_date_saved":"2019-02-07T09:09:08.543","sp_sp":0,"sp_percentage":0},{"vd_id":1676676,"visit_id":"V19040886","visit_code":"T21B      ","vd_value":1,"vd_date_saved":"2019-02-07T09:09:44.387","sp_sp":0,"sp_percentage":0},{"vd_id":1676798,"visit_id":"V19040894","visit_code":"T1B       ","vd_value":1,"vd_date_saved":"2019-02-07T09:25:49.34","sp_sp":0,"sp_percentage":0},{"vd_id":1676801,"visit_id":"V19040894","visit_code":"T21B      ","vd_value":1,"vd_date_saved":"2019-02-07T09:26:09.62","sp_sp":0,"sp_percentage":0},{"vd_id":1676812,"visit_id":"V19040903","visit_code":"T9B       ","vd_value":1,"vd_date_saved":"2019-02-07T09:28:27.353","sp_sp":0,"sp_percentage":0},{"vd_id":1676816,"visit_id":"V19040903","visit_code":"T21B      ","vd_value":1,"vd_date_saved":"2019-02-07T09:28:40.21","sp_sp":0,"sp_percentage":0},{"vd_id":1676820,"visit_id":"V19040903","visit_code":"T7        ","vd_value":1,"vd_date_saved":"2019-02-07T09:29:04.763","sp_sp":0,"sp_percentage":0},{"vd_id":1677662,"visit_id":"V19040937","visit_code":"T6        ","vd_value":1,"vd_date_saved":"2019-02-07T17:55:04.787","sp_sp":0,"sp_percentage":0},{"vd_id":1677663,"visit_id":"V19040937","visit_code":"T21B      ","vd_value":1,"vd_date_saved":"2019-02-07T17:55:19.67","sp_sp":0,"sp_percentage":0},{"vd_id":1677664,"visit_id":"V19040937","visit_code":"T7        ","vd_value":1,"vd_date_saved":"2019-02-07T17:55:53.493","sp_sp":0,"sp_percentage":0},{"vd_id":1677686,"visit_id":"V19040956","visit_code":"T9B       ","vd_value":1,"vd_date_saved":"2019-02-07T18:08:56.353","sp_sp":0,"sp_percentage":0},{"vd_id":1677689,"visit_id":"V19040956","visit_code":"T21B      ","vd_value":1,"vd_date_saved":"2019-02-07T18:09:09.363","sp_sp":0,"sp_percentage":0},{"vd_id":1679704,"visit_id":"V19040911","visit_code":"T0        ","vd_value":1,"vd_date_saved":"2019-02-10T21:50:48.76","sp_sp":null,"sp_percentage":null},{"vd_id":1676813,"visit_id":"V19040983","visit_code":"T9B       ","vd_value":1,"vd_date_saved":"2019-02-07T09:28:27.353","sp_sp":0,"sp_percentage":0},{"vd_id":1676817,"visit_id":"V19040983","visit_code":"T21B      ","vd_value":1,"vd_date_saved":"2019-02-07T09:28:40.21","sp_sp":0,"sp_percentage":0},{"vd_id":1676821,"visit_id":"V19040983","visit_code":"T7        ","vd_value":1,"vd_date_saved":"2019-02-07T09:29:04.763","sp_sp":0,"sp_percentage":0},{"vd_id":1677692,"visit_id":"V19040956","visit_code":"T7        ","vd_value":1,"vd_date_saved":"2019-02-07T18:09:47.443","sp_sp":0,"sp_percentage":0},{"vd_id":1677747,"visit_id":"V19041279","visit_code":"T3        ","vd_value":1,"vd_date_saved":"2019-02-07T18:17:06.53","sp_sp":0,"sp_percentage":0},{"vd_id":1677764,"visit_id":"V19040965","visit_code":"T22B      ","vd_value":1,"vd_date_saved":"2019-02-07T18:20:49.253","sp_sp":0,"sp_percentage":0},{"vd_id":1677845,"visit_id":"V19040991","visit_code":"T7        ","vd_value":1,"vd_date_saved":"2019-02-07T19:03:26.977","sp_sp":0,"sp_percentage":0},{"vd_id":1677858,"visit_id":"V19041205","visit_code":"T7        ","vd_value":1,"vd_date_saved":"2019-02-07T19:05:27.783","sp_sp":0,"sp_percentage":0},{"vd_id":1677861,"visit_id":"V19041205","visit_code":"T3        ","vd_value":1,"vd_date_saved":"2019-02-07T19:05:38.55","sp_sp":0,"sp_percentage":0},{"vd_id":1677864,"visit_id":"V19041205","visit_code":"T4        ","vd_value":1,"vd_date_saved":"2019-02-07T19:06:09.94","sp_sp":0,"sp_percentage":0},{"vd_id":1677873,"visit_id":"V19041141","visit_code":"T9B       ","vd_value":1,"vd_date_saved":"2019-02-07T19:07:07.56","sp_sp":0,"sp_percentage":0},{"vd_id":1677874,"visit_id":"V19041141","visit_code":"T22B      ","vd_value":1,"vd_date_saved":"2019-02-07T19:07:23.59","sp_sp":0,"sp_percentage":0},{"vd_id":1677875,"visit_id":"V19041141","visit_code":"T7        ","vd_value":1,"vd_date_saved":"2019-02-07T19:07:29.987","sp_sp":0,"sp_percentage":0},{"vd_id":1677885,"visit_id":"V19041133","visit_code":"T22B      ","vd_value":1,"vd_date_saved":"2019-02-07T19:10:01.95","sp_sp":0,"sp_percentage":0},{"vd_id":1677886,"visit_id":"V19041133","visit_code":"T21B      ","vd_value":1,"vd_date_saved":"2019-02-07T19:10:10.213","sp_sp":0,"sp_percentage":0},{"vd_id":1680578,"visit_id":"V19041065","visit_code":"T0        ","vd_value":1,"vd_date_saved":"2019-02-12T09:10:42.29","sp_sp":null,"sp_percentage":null},{"vd_id":1676759,"visit_id":"V19041411","visit_code":"U1        ","vd_value":1,"vd_date_saved":"2019-02-07T09:21:32.833","sp_sp":0,"sp_percentage":0},{"vd_id":1676763,"visit_id":"V19041411","visit_code":"T3        ","vd_value":1,"vd_date_saved":"2019-02-07T09:21:52.2","sp_sp":0,"sp_percentage":0},{"vd_id":1676767,"visit_id":"V19041411","visit_code":"T4        ","vd_value":1,"vd_date_saved":"2019-02-07T09:22:18.55","sp_sp":0,"sp_percentage":0},{"vd_id":1677592,"visit_id":"V19041419","visit_code":"T3        ","vd_value":1,"vd_date_saved":"2019-02-07T17:46:13.557","sp_sp":0,"sp_percentage":0},{"vd_id":1677596,"visit_id":"V19041419","visit_code":"T4        ","vd_value":1,"vd_date_saved":"2019-02-07T17:46:31.17","sp_sp":0,"sp_percentage":0},{"vd_id":1677651,"visit_id":"V19041399","visit_code":"T21B      ","vd_value":1,"vd_date_saved":"2019-02-07T17:53:42.917","sp_sp":0,"sp_percentage":0},{"vd_id":1677654,"visit_id":"V19041399","visit_code":"T21       ","vd_value":1,"vd_date_saved":"2019-02-07T17:53:55.83","sp_sp":0,"sp_percentage":0},{"vd_id":1677657,"visit_id":"V19041399","visit_code":"T3        ","vd_value":1,"vd_date_saved":"2019-02-07T17:54:06.053","sp_sp":0,"sp_percentage":0},{"vd_id":1677660,"visit_id":"V19041399","visit_code":"T4        ","vd_value":1,"vd_date_saved":"2019-02-07T17:54:22.96","sp_sp":0,"sp_percentage":0},{"vd_id":1677735,"visit_id":"V19041298","visit_code":"T21       ","vd_value":1,"vd_date_saved":"2019-02-07T18:15:25.127","sp_sp":0,"sp_percentage":0},{"vd_id":1677738,"visit_id":"V19041298","visit_code":"T21B      ","vd_value":1,"vd_date_saved":"2019-02-07T18:15:49.457","sp_sp":0,"sp_percentage":0},{"vd_id":1677741,"visit_id":"V19041298","visit_code":"T1        ","vd_value":1,"vd_date_saved":"2019-02-07T18:16:12.703","sp_sp":0,"sp_percentage":0},{"vd_id":1677744,"visit_id":"V19041298","visit_code":"T7        ","vd_value":1,"vd_date_saved":"2019-02-07T18:16:46.033","sp_sp":0,"sp_percentage":0},{"vd_id":1677750,"visit_id":"V19041279","visit_code":"T4        ","vd_value":1,"vd_date_saved":"2019-02-07T18:18:08.507","sp_sp":0,"sp_percentage":0},{"vd_id":1677753,"visit_id":"V19041279","visit_code":"U1        ","vd_value":1,"vd_date_saved":"2019-02-07T18:18:36.387","sp_sp":0,"sp_percentage":0},{"vd_id":1677756,"visit_id":"V19041279","visit_code":"T7        ","vd_value":1,"vd_date_saved":"2019-02-07T18:18:47.837","sp_sp":0,"sp_percentage":0},{"vd_id":1677766,"visit_id":"V19041443","visit_code":"T22B      ","vd_value":1,"vd_date_saved":"2019-02-07T18:20:49.253","sp_sp":0,"sp_percentage":0},{"vd_id":1677777,"visit_id":"V19041427","visit_code":"T7        ","vd_value":1,"vd_date_saved":"2019-02-07T18:22:48.56","sp_sp":0,"sp_percentage":0},{"vd_id":1677780,"visit_id":"V19041427","visit_code":"T3        ","vd_value":1,"vd_date_saved":"2019-02-07T18:23:00.997","sp_sp":0,"sp_percentage":0},{"vd_id":1677782,"visit_id":"V19041387","visit_code":"T9B       ","vd_value":1,"vd_date_saved":"2019-02-07T18:23:41.457","sp_sp":0,"sp_percentage":0},{"vd_id":1677785,"visit_id":"V19041387","visit_code":"T9        ","vd_value":1,"vd_date_saved":"2019-02-07T18:23:55.25","sp_sp":0,"sp_percentage":0},{"vd_id":1677788,"visit_id":"V19041387","visit_code":"T3        ","vd_value":1,"vd_date_saved":"2019-02-07T18:24:10.403","sp_sp":0,"sp_percentage":0},{"vd_id":1677820,"visit_id":"V19041379","visit_code":"T21       ","vd_value":1,"vd_date_saved":"2019-02-07T18:27:25.167","sp_sp":0,"sp_percentage":0},{"vd_id":1677822,"visit_id":"V19041379","visit_code":"T1        ","vd_value":1,"vd_date_saved":"2019-02-07T18:27:35.89","sp_sp":0,"sp_percentage":0},{"vd_id":1677824,"visit_id":"V19041379","visit_code":"T4        ","vd_value":1,"vd_date_saved":"2019-02-07T18:29:27.06","sp_sp":0,"sp_percentage":0},{"vd_id":1677831,"visit_id":"V19041435","visit_code":"T7        ","vd_value":1,"vd_date_saved":"2019-02-07T19:02:31.123","sp_sp":0,"sp_percentage":0},{"vd_id":1677833,"visit_id":"V19041435","visit_code":"T9B       ","vd_value":1,"vd_date_saved":"2019-02-07T19:02:38.587","sp_sp":0,"sp_percentage":0},{"vd_id":1677835,"visit_id":"V19041435","visit_code":"T21       ","vd_value":1,"vd_date_saved":"2019-02-07T19:02:46.223","sp_sp":0,"sp_percentage":0},{"vd_id":1677868,"visit_id":"V19041451","visit_code":"T22B      ","vd_value":1,"vd_date_saved":"2019-02-07T19:06:26.66","sp_sp":0,"sp_percentage":0},{"vd_id":1677871,"visit_id":"V19041451","visit_code":"T21B      ","vd_value":1,"vd_date_saved":"2019-02-07T19:06:38.267","sp_sp":0,"sp_percentage":0},{"vd_id":1684088,"visit_id":"V19041356","visit_code":"T0        ","vd_value":1,"vd_date_saved":"2019-02-25T05:23:30.45","sp_sp":null,"sp_percentage":null},{"vd_id":1676425,"visit_id":"V19040883","visit_code":"T9        ","vd_value":1,"vd_date_saved":"2019-02-07T01:00:14.247","sp_sp":0,"sp_percentage":0},{"vd_id":1676428,"visit_id":"V19040883","visit_code":"T21B      ","vd_value":1,"vd_date_saved":"2019-02-07T01:00:35.257","sp_sp":0,"sp_percentage":0},{"vd_id":1676431,"visit_id":"V19040883","visit_code":"T7        ","vd_value":1,"vd_date_saved":"2019-02-07T01:01:16.993","sp_sp":0,"sp_percentage":0},{"vd_id":1676768,"visit_id":"V19040899","visit_code":"T7        ","vd_value":1,"vd_date_saved":"2019-02-07T09:22:42.65","sp_sp":0,"sp_percentage":0},{"vd_id":1677571,"visit_id":"V19040891","visit_code":"T21B      ","vd_value":1,"vd_date_saved":"2019-02-07T17:43:27.87","sp_sp":0,"sp_percentage":0},{"vd_id":1677574,"visit_id":"V19040891","visit_code":"T1B       ","vd_value":1,"vd_date_saved":"2019-02-07T17:43:56.933","sp_sp":0,"sp_percentage":0},{"vd_id":1676771,"visit_id":"V19040899","visit_code":"T10       ","vd_value":1,"vd_date_saved":"2019-02-07T09:22:53.657","sp_sp":0,"sp_percentage":0},{"vd_id":1676774,"visit_id":"V19040899","visit_code":"T3        ","vd_value":1,"vd_date_saved":"2019-02-07T09:23:48.253","sp_sp":0,"sp_percentage":0},{"vd_id":1676844,"visit_id":"V19040908","visit_code":"T3        ","vd_value":1,"vd_date_saved":"2019-02-07T09:31:13.937","sp_sp":0,"sp_percentage":0},{"vd_id":1676847,"visit_id":"V19040908","visit_code":"T7        ","vd_value":1,"vd_date_saved":"2019-02-07T09:31:41.56","sp_sp":0,"sp_percentage":0},{"vd_id":1676850,"visit_id":"V19040908","visit_code":"U1        ","vd_value":1,"vd_date_saved":"2019-02-07T09:31:58.85","sp_sp":0,"sp_percentage":0},{"vd_id":1676853,"visit_id":"V19040908","visit_code":"T4        ","vd_value":1,"vd_date_saved":"2019-02-07T09:32:10.013","sp_sp":0,"sp_percentage":0},{"vd_id":1677674,"visit_id":"V19040926","visit_code":"U1        ","vd_value":1,"vd_date_saved":"2019-02-07T18:00:59.45","sp_sp":0,"sp_percentage":0},{"vd_id":1677676,"visit_id":"V19040926","visit_code":"T3        ","vd_value":1,"vd_date_saved":"2019-02-07T18:01:19.607","sp_sp":0,"sp_percentage":0},{"vd_id":1677678,"visit_id":"V19040926","visit_code":"T7        ","vd_value":1,"vd_date_saved":"2019-02-07T18:02:04.66","sp_sp":0,"sp_percentage":0},{"vd_id":1677746,"visit_id":"V19040961","visit_code":"T3        ","vd_value":1,"vd_date_saved":"2019-02-07T18:17:06.53","sp_sp":0,"sp_percentage":0},{"vd_id":1677749,"visit_id":"V19040961","visit_code":"T4        ","vd_value":1,"vd_date_saved":"2019-02-07T18:18:08.507","sp_sp":0,"sp_percentage":0},{"vd_id":1677752,"visit_id":"V19040961","visit_code":"U1        ","vd_value":1,"vd_date_saved":"2019-02-07T18:18:36.387","sp_sp":0,"sp_percentage":0},{"vd_id":1677755,"visit_id":"V19040961","visit_code":"T7        ","vd_value":1,"vd_date_saved":"2019-02-07T18:18:47.837","sp_sp":0,"sp_percentage":0},{"vd_id":1677781,"visit_id":"V19040975","visit_code":"T9B       ","vd_value":1,"vd_date_saved":"2019-02-07T18:23:41.457","sp_sp":0,"sp_percentage":0},{"vd_id":1677784,"visit_id":"V19040975","visit_code":"T9        ","vd_value":1,"vd_date_saved":"2019-02-07T18:23:55.25","sp_sp":0,"sp_percentage":0},{"vd_id":1677787,"visit_id":"V19040975","visit_code":"T3        ","vd_value":1,"vd_date_saved":"2019-02-07T18:24:10.403","sp_sp":0,"sp_percentage":0},{"vd_id":1677836,"visit_id":"V19040988","visit_code":"T3        ","vd_value":1,"vd_date_saved":"2019-02-07T19:02:56.653","sp_sp":0,"sp_percentage":0},{"vd_id":1677839,"visit_id":"V19040988","visit_code":"T5        ","vd_value":1,"vd_date_saved":"2019-02-07T19:03:07.78","sp_sp":0,"sp_percentage":0},{"vd_id":1677842,"visit_id":"V19040988","visit_code":"T7        ","vd_value":1,"vd_date_saved":"2019-02-07T19:03:14.027","sp_sp":0,"sp_percentage":0},{"vd_id":1677879,"visit_id":"V19041130","visit_code":"T22B      ","vd_value":1,"vd_date_saved":"2019-02-07T19:08:29.86","sp_sp":0,"sp_percentage":0},{"vd_id":1679705,"visit_id":"V19040953","visit_code":"T0        ","vd_value":1,"vd_date_saved":"2019-02-11T02:37:51.247","sp_sp":null,"sp_percentage":null},{"vd_id":1682305,"visit_id":"V19041138","visit_code":"U1        ","vd_value":1,"vd_date_saved":"2019-02-14T09:25:27.77","sp_sp":0,"sp_percentage":0},{"vd_id":1682306,"visit_id":"V19041138","visit_code":"T9B       ","vd_value":1,"vd_date_saved":"2019-02-14T09:26:00.39","sp_sp":0,"sp_percentage":0},{"vd_id":1684086,"visit_id":"V19041062","visit_code":"T0        ","vd_value":1,"vd_date_saved":"2019-02-25T03:56:47.173","sp_sp":null,"sp_percentage":null},{"vd_id":1676435,"visit_id":"V19041295","visit_code":"T7        ","vd_value":1,"vd_date_saved":"2019-02-07T01:01:32.027","sp_sp":0,"sp_percentage":0},{"vd_id":1676438,"visit_id":"V19041295","visit_code":"T3        ","vd_value":1,"vd_date_saved":"2019-02-07T01:01:44.08","sp_sp":0,"sp_percentage":0},{"vd_id":1676441,"visit_id":"V19041295","visit_code":"T5        ","vd_value":1,"vd_date_saved":"2019-02-07T01:01:56.243","sp_sp":0,"sp_percentage":0},{"vd_id":1676704,"visit_id":"V19041396","visit_code":"T7        ","vd_value":1,"vd_date_saved":"2019-02-07T09:13:08.46","sp_sp":0,"sp_percentage":0},{"vd_id":1676707,"visit_id":"V19041396","visit_code":"T9B       ","vd_value":1,"vd_date_saved":"2019-02-07T09:13:23.747","sp_sp":0,"sp_percentage":0},{"vd_id":1676711,"visit_id":"V19041408","visit_code":"T3        ","vd_value":1,"vd_date_saved":"2019-02-07T09:15:15.833","sp_sp":0,"sp_percentage":0},{"vd_id":1676716,"visit_id":"V19041408","visit_code":"T4        ","vd_value":1,"vd_date_saved":"2019-02-07T09:15:27.523","sp_sp":0,"sp_percentage":0},{"vd_id":1676720,"visit_id":"V19041408","visit_code":"U1        ","vd_value":1,"vd_date_saved":"2019-02-07T09:16:08.597","sp_sp":0,"sp_percentage":0},{"vd_id":1676743,"visit_id":"V19041353","visit_code":"T9B       ","vd_value":1,"vd_date_saved":"2019-02-07T09:19:08.1","sp_sp":0,"sp_percentage":0},{"vd_id":1676746,"visit_id":"V19041353","visit_code":"T21B      ","vd_value":1,"vd_date_saved":"2019-02-07T09:19:19.003","sp_sp":0,"sp_percentage":0},{"vd_id":1676750,"visit_id":"V19041353","visit_code":"T1B       ","vd_value":1,"vd_date_saved":"2019-02-07T09:19:46.84","sp_sp":0,"sp_percentage":0},{"vd_id":1676799,"visit_id":"V19041202","visit_code":"T1B       ","vd_value":1,"vd_date_saved":"2019-02-07T09:25:49.34","sp_sp":0,"sp_percentage":0},{"vd_id":1676802,"visit_id":"V19041202","visit_code":"T21B      ","vd_value":1,"vd_date_saved":"2019-02-07T09:26:09.62","sp_sp":0,"sp_percentage":0},{"vd_id":1676826,"visit_id":"V19041440","visit_code":"T22B      ","vd_value":1,"vd_date_saved":"2019-02-07T09:29:20.307","sp_sp":0,"sp_percentage":0},{"vd_id":1676829,"visit_id":"V19041440","visit_code":"T21B      ","vd_value":1,"vd_date_saved":"2019-02-07T09:29:29.193","sp_sp":0,"sp_percentage":0},{"vd_id":1677579,"visit_id":"V19041424","visit_code":"T3        ","vd_value":1,"vd_date_saved":"2019-02-07T17:44:35.457","sp_sp":0,"sp_percentage":0},{"vd_id":1677582,"visit_id":"V19041424","visit_code":"T7        ","vd_value":1,"vd_date_saved":"2019-02-07T17:44:54.87","sp_sp":0,"sp_percentage":0},{"vd_id":1677585,"visit_id":"V19041424","visit_code":"T21       ","vd_value":1,"vd_date_saved":"2019-02-07T17:45:05.227","sp_sp":0,"sp_percentage":0},{"vd_id":1677609,"visit_id":"V19041432","visit_code":"T3        ","vd_value":1,"vd_date_saved":"2019-02-07T17:47:58.64","sp_sp":0,"sp_percentage":0},{"vd_id":1677613,"visit_id":"V19041432","visit_code":"T4        ","vd_value":1,"vd_date_saved":"2019-02-07T17:48:22.507","sp_sp":0,"sp_percentage":0},{"vd_id":1677617,"visit_id":"V19041432","visit_code":"U1        ","vd_value":1,"vd_date_saved":"2019-02-07T17:49:00.943","sp_sp":0,"sp_percentage":0},{"vd_id":1677620,"visit_id":"V19041361","visit_code":"T7        ","vd_value":1,"vd_date_saved":"2019-02-07T17:49:17.993","sp_sp":0,"sp_percentage":0},{"vd_id":1677624,"visit_id":"V19041361","visit_code":"T3        ","vd_value":1,"vd_date_saved":"2019-02-07T17:49:34.163","sp_sp":0,"sp_percentage":0},{"vd_id":1677628,"visit_id":"V19041361","visit_code":"T4        ","vd_value":1,"vd_date_saved":"2019-02-07T17:49:46.93","sp_sp":0,"sp_percentage":0},{"vd_id":1677699,"visit_id":"V19041261","visit_code":"T7        ","vd_value":1,"vd_date_saved":"2019-02-07T18:10:29.177","sp_sp":0,"sp_percentage":0},{"vd_id":1677760,"visit_id":"V19041416","visit_code":"T21B      ","vd_value":1,"vd_date_saved":"2019-02-07T18:19:19.527","sp_sp":0,"sp_percentage":0},{"vd_id":1677763,"visit_id":"V19041416","visit_code":"T7        ","vd_value":1,"vd_date_saved":"2019-02-07T18:19:54.817","sp_sp":0,"sp_percentage":0},{"vd_id":1677837,"visit_id":"V19041384","visit_code":"T3        ","vd_value":1,"vd_date_saved":"2019-02-07T19:02:56.653","sp_sp":0,"sp_percentage":0},{"vd_id":1677840,"visit_id":"V19041384","visit_code":"T5        ","vd_value":1,"vd_date_saved":"2019-02-07T19:03:07.78","sp_sp":0,"sp_percentage":0},{"vd_id":1677843,"visit_id":"V19041384","visit_code":"T7        ","vd_value":1,"vd_date_saved":"2019-02-07T19:03:14.027","sp_sp":0,"sp_percentage":0},{"vd_id":1682307,"visit_id":"V19041138","visit_code":"T21B      ","vd_value":1,"vd_date_saved":"2019-02-14T09:26:48.24","sp_sp":0,"sp_percentage":0},{"vd_id":1682308,"visit_id":"V19041138","visit_code":"T21       ","vd_value":1,"vd_date_saved":"2019-02-14T09:27:32.357","sp_sp":0,"sp_percentage":0},{"vd_id":1676832,"visit_id":"V19041440","visit_code":"T1B       ","vd_value":1,"vd_date_saved":"2019-02-07T09:29:52.15","sp_sp":0,"sp_percentage":0},{"vd_id":1677848,"visit_id":"V19041448","visit_code":"T9B       ","vd_value":1,"vd_date_saved":"2019-02-07T19:03:50.777","sp_sp":0,"sp_percentage":0},{"vd_id":1677851,"visit_id":"V19041448","visit_code":"T9        ","vd_value":1,"vd_date_saved":"2019-02-07T19:04:00.477","sp_sp":0,"sp_percentage":0},{"vd_id":1677854,"visit_id":"V19041448","visit_code":"T21       ","vd_value":1,"vd_date_saved":"2019-02-07T19:04:08.16","sp_sp":0,"sp_percentage":0},{"vd_id":1677857,"visit_id":"V19041448","visit_code":"T7        ","vd_value":1,"vd_date_saved":"2019-02-07T19:04:29.883","sp_sp":0,"sp_percentage":0},{"vd_id":1676443,"visit_id":"V19040881","visit_code":"T9B       ","vd_value":1,"vd_date_saved":"2019-02-07T01:02:19.89","sp_sp":0,"sp_percentage":0},{"vd_id":1676447,"visit_id":"V19040881","visit_code":"U1        ","vd_value":1,"vd_date_saved":"2019-02-07T01:04:36.727","sp_sp":0,"sp_percentage":0},{"vd_id":1676451,"visit_id":"V19040881","visit_code":"T22       ","vd_value":1,"vd_date_saved":"2019-02-07T01:05:22.493","sp_sp":0,"sp_percentage":0},{"vd_id":1676688,"visit_id":"V19040889","visit_code":"T7        ","vd_value":1,"vd_date_saved":"2019-02-07T09:11:03.42","sp_sp":0,"sp_percentage":0},{"vd_id":1676691,"visit_id":"V19040889","visit_code":"T3        ","vd_value":1,"vd_date_saved":"2019-02-07T09:12:09.15","sp_sp":0,"sp_percentage":0},{"vd_id":1676731,"visit_id":"V19040897","visit_code":"T1B       ","vd_value":1,"vd_date_saved":"2019-02-07T09:17:32.9","sp_sp":0,"sp_percentage":0},{"vd_id":1676736,"visit_id":"V19040897","visit_code":"T21B      ","vd_value":1,"vd_date_saved":"2019-02-07T09:17:55.67","sp_sp":0,"sp_percentage":0},{"vd_id":1676824,"visit_id":"V19040906","visit_code":"T22B      ","vd_value":1,"vd_date_saved":"2019-02-07T09:29:20.307","sp_sp":0,"sp_percentage":0},{"vd_id":1676827,"visit_id":"V19040906","visit_code":"T21B      ","vd_value":1,"vd_date_saved":"2019-02-07T09:29:29.193","sp_sp":0,"sp_percentage":0},{"vd_id":1676830,"visit_id":"V19040906","visit_code":"T1B       ","vd_value":1,"vd_date_saved":"2019-02-07T09:29:52.15","sp_sp":0,"sp_percentage":0},{"vd_id":1677639,"visit_id":"V19040920","visit_code":"T1B       ","vd_value":1,"vd_date_saved":"2019-02-07T17:51:07.243","sp_sp":0,"sp_percentage":0},{"vd_id":1677642,"visit_id":"V19040920","visit_code":"T21B      ","vd_value":1,"vd_date_saved":"2019-02-07T17:51:38.39","sp_sp":0,"sp_percentage":0},{"vd_id":1677661,"visit_id":"V19040940","visit_code":"T22B      ","vd_value":1,"vd_date_saved":"2019-02-07T17:54:42.93","sp_sp":0,"sp_percentage":0},{"vd_id":1677725,"visit_id":"V19040959","visit_code":"T9B       ","vd_value":1,"vd_date_saved":"2019-02-07T18:14:16.817","sp_sp":0,"sp_percentage":0},{"vd_id":1676694,"visit_id":"V19041293","visit_code":"T9B       ","vd_value":1,"vd_date_saved":"2019-02-07T09:12:25.247","sp_sp":0,"sp_percentage":0},{"vd_id":1676697,"visit_id":"V19041293","visit_code":"T7        ","vd_value":1,"vd_date_saved":"2019-02-07T09:12:44.597","sp_sp":0,"sp_percentage":0},{"vd_id":1677572,"visit_id":"V19041200","visit_code":"T21B      ","vd_value":1,"vd_date_saved":"2019-02-07T17:43:27.87","sp_sp":0,"sp_percentage":0},{"vd_id":1677575,"visit_id":"V19041200","visit_code":"T1B       ","vd_value":1,"vd_date_saved":"2019-02-07T17:43:56.933","sp_sp":0,"sp_percentage":0},{"vd_id":1677640,"visit_id":"V19041060","visit_code":"T1B       ","vd_value":1,"vd_date_saved":"2019-02-07T17:51:07.243","sp_sp":0,"sp_percentage":0},{"vd_id":1677643,"visit_id":"V19041060","visit_code":"T21B      ","vd_value":1,"vd_date_saved":"2019-02-07T17:51:38.39","sp_sp":0,"sp_percentage":0},{"vd_id":1677675,"visit_id":"V19041244","visit_code":"U1        ","vd_value":1,"vd_date_saved":"2019-02-07T18:00:59.45","sp_sp":0,"sp_percentage":0},{"vd_id":1677677,"visit_id":"V19041244","visit_code":"T3        ","vd_value":1,"vd_date_saved":"2019-02-07T18:01:19.607","sp_sp":0,"sp_percentage":0},{"vd_id":1677679,"visit_id":"V19041244","visit_code":"T7        ","vd_value":1,"vd_date_saved":"2019-02-07T18:02:04.66","sp_sp":0,"sp_percentage":0},{"vd_id":1677728,"visit_id":"V19040959","visit_code":"U1        ","vd_value":1,"vd_date_saved":"2019-02-07T18:14:30.15","sp_sp":0,"sp_percentage":0},{"vd_id":1677731,"visit_id":"V19040959","visit_code":"T4        ","vd_value":1,"vd_date_saved":"2019-02-07T18:14:49.777","sp_sp":0,"sp_percentage":0},{"vd_id":1677767,"visit_id":"V19041068","visit_code":"T22B      ","vd_value":1,"vd_date_saved":"2019-02-07T18:21:10.217","sp_sp":0,"sp_percentage":0},{"vd_id":1677771,"visit_id":"V19041068","visit_code":"T1B       ","vd_value":1,"vd_date_saved":"2019-02-07T18:21:19.467","sp_sp":0,"sp_percentage":0},{"vd_id":1677790,"visit_id":"V19040969","visit_code":"T22B      ","vd_value":1,"vd_date_saved":"2019-02-07T18:24:33.71","sp_sp":0,"sp_percentage":0},{"vd_id":1677898,"visit_id":"V19041136","visit_code":"T22B      ","vd_value":1,"vd_date_saved":"2019-02-07T19:13:26.547","sp_sp":0,"sp_percentage":0},{"vd_id":1677899,"visit_id":"V19041136","visit_code":"T21B      ","vd_value":1,"vd_date_saved":"2019-02-07T19:13:34.707","sp_sp":0,"sp_percentage":0},{"vd_id":1676457,"visit_id":"V19041406","visit_code":"T22B      ","vd_value":1,"vd_date_saved":"2019-02-07T01:05:44.953","sp_sp":0,"sp_percentage":0},{"vd_id":1676460,"visit_id":"V19041406","visit_code":"T1B       ","vd_value":1,"vd_date_saved":"2019-02-07T01:05:58.983","sp_sp":0,"sp_percentage":0},{"vd_id":1676669,"visit_id":"V19041313","visit_code":"T22B      ","vd_value":1,"vd_date_saved":"2019-02-07T09:08:55.573","sp_sp":0,"sp_percentage":0},{"vd_id":1676673,"visit_id":"V19041313","visit_code":"T22       ","vd_value":1,"vd_date_saved":"2019-02-07T09:09:08.543","sp_sp":0,"sp_percentage":0},{"vd_id":1676677,"visit_id":"V19041313","visit_code":"T21B      ","vd_value":1,"vd_date_saved":"2019-02-07T09:09:44.387","sp_sp":0,"sp_percentage":0},{"vd_id":1676700,"visit_id":"V19041293","visit_code":"T6        ","vd_value":1,"vd_date_saved":"2019-02-07T09:12:54.123","sp_sp":0,"sp_percentage":0},{"vd_id":1676800,"visit_id":"V19041446","visit_code":"T1B       ","vd_value":1,"vd_date_saved":"2019-02-07T09:25:49.34","sp_sp":0,"sp_percentage":0},{"vd_id":1676803,"visit_id":"V19041446","visit_code":"T21B      ","vd_value":1,"vd_date_saved":"2019-02-07T09:26:09.62","sp_sp":0,"sp_percentage":0},{"vd_id":1676807,"visit_id":"V19041430","visit_code":"T21B      ","vd_value":1,"vd_date_saved":"2019-02-07T09:27:07.267","sp_sp":0,"sp_percentage":0},{"vd_id":1676811,"visit_id":"V19041430","visit_code":"T1B       ","vd_value":1,"vd_date_saved":"2019-02-07T09:27:51.933","sp_sp":0,"sp_percentage":0},{"vd_id":1677715,"visit_id":"V19041394","visit_code":"T9B       ","vd_value":1,"vd_date_saved":"2019-02-07T18:12:44.803","sp_sp":0,"sp_percentage":0},{"vd_id":1677718,"visit_id":"V19041394","visit_code":"T9        ","vd_value":1,"vd_date_saved":"2019-02-07T18:12:54.607","sp_sp":0,"sp_percentage":0},{"vd_id":1677721,"visit_id":"V19041394","visit_code":"U1        ","vd_value":1,"vd_date_saved":"2019-02-07T18:13:06.53","sp_sp":0,"sp_percentage":0},{"vd_id":1677724,"visit_id":"V19041394","visit_code":"T21B      ","vd_value":1,"vd_date_saved":"2019-02-07T18:13:44.9","sp_sp":0,"sp_percentage":0},{"vd_id":1677726,"visit_id":"V19041359","visit_code":"T9B       ","vd_value":1,"vd_date_saved":"2019-02-07T18:14:16.817","sp_sp":0,"sp_percentage":0},{"vd_id":1677727,"visit_id":"V19041414","visit_code":"T9B       ","vd_value":1,"vd_date_saved":"2019-02-07T18:14:16.817","sp_sp":0,"sp_percentage":0},{"vd_id":1677729,"visit_id":"V19041359","visit_code":"U1        ","vd_value":1,"vd_date_saved":"2019-02-07T18:14:30.15","sp_sp":0,"sp_percentage":0},{"vd_id":1677730,"visit_id":"V19041414","visit_code":"U1        ","vd_value":1,"vd_date_saved":"2019-02-07T18:14:30.15","sp_sp":0,"sp_percentage":0},{"vd_id":1677732,"visit_id":"V19041359","visit_code":"T4        ","vd_value":1,"vd_date_saved":"2019-02-07T18:14:49.777","sp_sp":0,"sp_percentage":0},{"vd_id":1677733,"visit_id":"V19041414","visit_code":"T4        ","vd_value":1,"vd_date_saved":"2019-02-07T18:14:49.777","sp_sp":0,"sp_percentage":0},{"vd_id":1677791,"visit_id":"V19041382","visit_code":"T22B      ","vd_value":1,"vd_date_saved":"2019-02-07T18:24:33.71","sp_sp":0,"sp_percentage":0},{"vd_id":1677827,"visit_id":"V19041454","visit_code":"T22B      ","vd_value":1,"vd_date_saved":"2019-02-07T19:01:38.847","sp_sp":0,"sp_percentage":0},{"vd_id":1691362,"visit_id":"V19041422","visit_code":"T0        ","vd_value":1,"vd_date_saved":"2019-03-01T15:47:32.763","sp_sp":null,"sp_percentage":null},{"vd_id":1692902,"visit_id":"V19041438","visit_code":"T0        ","vd_value":1,"vd_date_saved":"2019-03-01T16:21:07.6","sp_sp":null,"sp_percentage":null},{"vd_id":1676683,"visit_id":"V19040882","visit_code":"T22B      ","vd_value":1,"vd_date_saved":"2019-02-07T09:10:30.77","sp_sp":0,"sp_percentage":0},{"vd_id":1676804,"visit_id":"V19040890","visit_code":"T21B      ","vd_value":1,"vd_date_saved":"2019-02-07T09:27:07.267","sp_sp":0,"sp_percentage":0},{"vd_id":1676756,"visit_id":"V19040898","visit_code":"U1        ","vd_value":1,"vd_date_saved":"2019-02-07T09:21:32.833","sp_sp":0,"sp_percentage":0},{"vd_id":1676760,"visit_id":"V19040898","visit_code":"T3        ","vd_value":1,"vd_date_saved":"2019-02-07T09:21:52.2","sp_sp":0,"sp_percentage":0},{"vd_id":1676764,"visit_id":"V19040898","visit_code":"T4        ","vd_value":1,"vd_date_saved":"2019-02-07T09:22:18.55","sp_sp":0,"sp_percentage":0},{"vd_id":1676808,"visit_id":"V19040890","visit_code":"T1B       ","vd_value":1,"vd_date_saved":"2019-02-07T09:27:51.933","sp_sp":0,"sp_percentage":0},{"vd_id":1676833,"visit_id":"V19040907","visit_code":"T3        ","vd_value":1,"vd_date_saved":"2019-02-07T09:30:09.843","sp_sp":0,"sp_percentage":0},{"vd_id":1676837,"visit_id":"V19040907","visit_code":"T5        ","vd_value":1,"vd_date_saved":"2019-02-07T09:30:32.447","sp_sp":0,"sp_percentage":0},{"vd_id":1676841,"visit_id":"V19040907","visit_code":"U1        ","vd_value":1,"vd_date_saved":"2019-02-07T09:30:51.1","sp_sp":0,"sp_percentage":0},{"vd_id":1677630,"visit_id":"V19040921","visit_code":"T7        ","vd_value":1,"vd_date_saved":"2019-02-07T17:50:35.82","sp_sp":0,"sp_percentage":0},{"vd_id":1677633,"visit_id":"V19040921","visit_code":"T9B       ","vd_value":1,"vd_date_saved":"2019-02-07T17:50:44.237","sp_sp":0,"sp_percentage":0},{"vd_id":1677636,"visit_id":"V19040921","visit_code":"T21B      ","vd_value":1,"vd_date_saved":"2019-02-07T17:50:53.92","sp_sp":0,"sp_percentage":0},{"vd_id":1677668,"visit_id":"V19040941","visit_code":"T9B       ","vd_value":1,"vd_date_saved":"2019-02-07T17:57:35.167","sp_sp":0,"sp_percentage":0},{"vd_id":1677669,"visit_id":"V19040941","visit_code":"T3        ","vd_value":1,"vd_date_saved":"2019-02-07T17:58:09.313","sp_sp":0,"sp_percentage":0},{"vd_id":1676426,"visit_id":"V19040987","visit_code":"T9        ","vd_value":1,"vd_date_saved":"2019-02-07T01:00:14.247","sp_sp":0,"sp_percentage":0},{"vd_id":1676429,"visit_id":"V19040987","visit_code":"T21B      ","vd_value":1,"vd_date_saved":"2019-02-07T01:00:35.257","sp_sp":0,"sp_percentage":0},{"vd_id":1676432,"visit_id":"V19040987","visit_code":"T7        ","vd_value":1,"vd_date_saved":"2019-02-07T01:01:16.993","sp_sp":0,"sp_percentage":0},{"vd_id":1676709,"visit_id":"V19041061","visit_code":"T3        ","vd_value":1,"vd_date_saved":"2019-02-07T09:15:15.833","sp_sp":0,"sp_percentage":0},{"vd_id":1676714,"visit_id":"V19041061","visit_code":"T4        ","vd_value":1,"vd_date_saved":"2019-02-07T09:15:27.523","sp_sp":0,"sp_percentage":0},{"vd_id":1676718,"visit_id":"V19041061","visit_code":"U1        ","vd_value":1,"vd_date_saved":"2019-02-07T09:16:08.597","sp_sp":0,"sp_percentage":0},{"vd_id":1677670,"visit_id":"V19040941","visit_code":"T22B      ","vd_value":1,"vd_date_saved":"2019-02-07T17:58:50.843","sp_sp":0,"sp_percentage":0},{"vd_id":1677734,"visit_id":"V19040960","visit_code":"T21       ","vd_value":1,"vd_date_saved":"2019-02-07T18:15:25.127","sp_sp":0,"sp_percentage":0},{"vd_id":1677737,"visit_id":"V19040960","visit_code":"T21B      ","vd_value":1,"vd_date_saved":"2019-02-07T18:15:49.457","sp_sp":0,"sp_percentage":0},{"vd_id":1677740,"visit_id":"V19040960","visit_code":"T1        ","vd_value":1,"vd_date_saved":"2019-02-07T18:16:12.703","sp_sp":0,"sp_percentage":0},{"vd_id":1677743,"visit_id":"V19040960","visit_code":"T7        ","vd_value":1,"vd_date_saved":"2019-02-07T18:16:46.033","sp_sp":0,"sp_percentage":0},{"vd_id":1677810,"visit_id":"V19040973","visit_code":"T7        ","vd_value":1,"vd_date_saved":"2019-02-07T18:26:30.037","sp_sp":0,"sp_percentage":0},{"vd_id":1677813,"visit_id":"V19040973","visit_code":"T3        ","vd_value":1,"vd_date_saved":"2019-02-07T18:26:41.24","sp_sp":0,"sp_percentage":0},{"vd_id":1677816,"visit_id":"V19040973","visit_code":"U1        ","vd_value":1,"vd_date_saved":"2019-02-07T18:27:11.49","sp_sp":0,"sp_percentage":0},{"vd_id":1677876,"visit_id":"V19041129","visit_code":"T21B      ","vd_value":1,"vd_date_saved":"2019-02-07T19:07:45.107","sp_sp":0,"sp_percentage":0},{"vd_id":1677877,"visit_id":"V19041129","visit_code":"T3        ","vd_value":1,"vd_date_saved":"2019-02-07T19:08:02.597","sp_sp":0,"sp_percentage":0},{"vd_id":1676444,"visit_id":"V19041294","visit_code":"T9B       ","vd_value":1,"vd_date_saved":"2019-02-07T01:02:19.89","sp_sp":0,"sp_percentage":0},{"vd_id":1676446,"visit_id":"V19041431","visit_code":"T9B       ","vd_value":1,"vd_date_saved":"2019-02-07T01:02:19.89","sp_sp":0,"sp_percentage":0},{"vd_id":1676448,"visit_id":"V19041294","visit_code":"U1        ","vd_value":1,"vd_date_saved":"2019-02-07T01:04:36.727","sp_sp":0,"sp_percentage":0},{"vd_id":1676450,"visit_id":"V19041431","visit_code":"U1        ","vd_value":1,"vd_date_saved":"2019-02-07T01:04:36.727","sp_sp":0,"sp_percentage":0},{"vd_id":1676452,"visit_id":"V19041294","visit_code":"T22       ","vd_value":1,"vd_date_saved":"2019-02-07T01:05:22.493","sp_sp":0,"sp_percentage":0},{"vd_id":1676454,"visit_id":"V19041431","visit_code":"T22       ","vd_value":1,"vd_date_saved":"2019-02-07T01:05:22.493","sp_sp":0,"sp_percentage":0},{"vd_id":1676806,"visit_id":"V19041395","visit_code":"T21B      ","vd_value":1,"vd_date_saved":"2019-02-07T09:27:07.267","sp_sp":0,"sp_percentage":0},{"vd_id":1676810,"visit_id":"V19041395","visit_code":"T1B       ","vd_value":1,"vd_date_saved":"2019-02-07T09:27:51.933","sp_sp":0,"sp_percentage":0},{"vd_id":1676834,"visit_id":"V19041407","visit_code":"T3        ","vd_value":1,"vd_date_saved":"2019-02-07T09:30:09.843","sp_sp":0,"sp_percentage":0},{"vd_id":1676838,"visit_id":"V19041407","visit_code":"T5        ","vd_value":1,"vd_date_saved":"2019-02-07T09:30:32.447","sp_sp":0,"sp_percentage":0},{"vd_id":1676842,"visit_id":"V19041407","visit_code":"U1        ","vd_value":1,"vd_date_saved":"2019-02-07T09:30:51.1","sp_sp":0,"sp_percentage":0},{"vd_id":1676846,"visit_id":"V19041423","visit_code":"T3        ","vd_value":1,"vd_date_saved":"2019-02-07T09:31:13.937","sp_sp":0,"sp_percentage":0},{"vd_id":1676849,"visit_id":"V19041423","visit_code":"T7        ","vd_value":1,"vd_date_saved":"2019-02-07T09:31:41.56","sp_sp":0,"sp_percentage":0},{"vd_id":1676852,"visit_id":"V19041423","visit_code":"U1        ","vd_value":1,"vd_date_saved":"2019-02-07T09:31:58.85","sp_sp":0,"sp_percentage":0},{"vd_id":1676855,"visit_id":"V19041423","visit_code":"T4        ","vd_value":1,"vd_date_saved":"2019-02-07T09:32:10.013","sp_sp":0,"sp_percentage":0},{"vd_id":1677681,"visit_id":"V19041245","visit_code":"T3        ","vd_value":1,"vd_date_saved":"2019-02-07T18:02:24.21","sp_sp":0,"sp_percentage":0},{"vd_id":1677683,"visit_id":"V19041245","visit_code":"T7        ","vd_value":1,"vd_date_saved":"2019-02-07T18:02:40.343","sp_sp":0,"sp_percentage":0},{"vd_id":1677685,"visit_id":"V19041245","visit_code":"U1        ","vd_value":1,"vd_date_saved":"2019-02-07T18:03:02.62","sp_sp":0,"sp_percentage":0},{"vd_id":1677736,"visit_id":"V19041415","visit_code":"T21       ","vd_value":1,"vd_date_saved":"2019-02-07T18:15:25.127","sp_sp":0,"sp_percentage":0},{"vd_id":1677739,"visit_id":"V19041415","visit_code":"T21B      ","vd_value":1,"vd_date_saved":"2019-02-07T18:15:49.457","sp_sp":0,"sp_percentage":0},{"vd_id":1677742,"visit_id":"V19041415","visit_code":"T1        ","vd_value":1,"vd_date_saved":"2019-02-07T18:16:12.703","sp_sp":0,"sp_percentage":0},{"vd_id":1677745,"visit_id":"V19041415","visit_code":"T7        ","vd_value":1,"vd_date_saved":"2019-02-07T18:16:46.033","sp_sp":0,"sp_percentage":0},{"vd_id":1677759,"visit_id":"V19041360","visit_code":"T21B      ","vd_value":1,"vd_date_saved":"2019-02-07T18:19:19.527","sp_sp":0,"sp_percentage":0},{"vd_id":1677762,"visit_id":"V19041360","visit_code":"T7        ","vd_value":1,"vd_date_saved":"2019-02-07T18:19:54.817","sp_sp":0,"sp_percentage":0},{"vd_id":1677765,"visit_id":"V19041352","visit_code":"T22B      ","vd_value":1,"vd_date_saved":"2019-02-07T18:20:49.253","sp_sp":0,"sp_percentage":0},{"vd_id":1677859,"visit_id":"V19041383","visit_code":"T7        ","vd_value":1,"vd_date_saved":"2019-02-07T19:05:27.783","sp_sp":0,"sp_percentage":0},{"vd_id":1677862,"visit_id":"V19041383","visit_code":"T3        ","vd_value":1,"vd_date_saved":"2019-02-07T19:05:38.55","sp_sp":0,"sp_percentage":0},{"vd_id":1677865,"visit_id":"V19041383","visit_code":"T4        ","vd_value":1,"vd_date_saved":"2019-02-07T19:06:09.94","sp_sp":0,"sp_percentage":0},{"vd_id":1677878,"visit_id":"V19041129","visit_code":"T7        ","vd_value":1,"vd_date_saved":"2019-02-07T19:08:10.59","sp_sp":0,"sp_percentage":0},{"vd_id":1677894,"visit_id":"V19041137","visit_code":"T22B      ","vd_value":1,"vd_date_saved":"2019-02-07T19:12:31.14","sp_sp":0,"sp_percentage":0},{"vd_id":1683151,"visit_id":"V19041201","visit_code":"T0        ","vd_value":1,"vd_date_saved":"2019-02-18T11:18:30.757","sp_sp":null,"sp_percentage":null},{"vd_id":1691456,"visit_id":"V19041439","visit_code":"T0        ","vd_value":1,"vd_date_saved":"2019-03-01T15:54:58.023","sp_sp":null,"sp_percentage":null},{"vd_id":1677632,"visit_id":"V19041447","visit_code":"T7        ","vd_value":1,"vd_date_saved":"2019-02-07T17:50:35.82","sp_sp":0,"sp_percentage":0},{"vd_id":1677635,"visit_id":"V19041447","visit_code":"T9B       ","vd_value":1,"vd_date_saved":"2019-02-07T17:50:44.237","sp_sp":0,"sp_percentage":0},{"vd_id":1677638,"visit_id":"V19041447","visit_code":"T21B      ","vd_value":1,"vd_date_saved":"2019-02-07T17:50:53.92","sp_sp":0,"sp_percentage":0},{"vd_id":1677641,"visit_id":"V19041455","visit_code":"T1B       ","vd_value":1,"vd_date_saved":"2019-02-07T17:51:07.243","sp_sp":0,"sp_percentage":0},{"vd_id":1677644,"visit_id":"V19041455","visit_code":"T21B      ","vd_value":1,"vd_date_saved":"2019-02-07T17:51:38.39","sp_sp":0,"sp_percentage":0},{"vd_id":1676455,"visit_id":"V19040885","visit_code":"T22B      ","vd_value":1,"vd_date_saved":"2019-02-07T01:05:44.953","sp_sp":0,"sp_percentage":0},{"vd_id":1676458,"visit_id":"V19040885","visit_code":"T1B       ","vd_value":1,"vd_date_saved":"2019-02-07T01:05:58.983","sp_sp":0,"sp_percentage":0},{"vd_id":1676742,"visit_id":"V19040893","visit_code":"T9B       ","vd_value":1,"vd_date_saved":"2019-02-07T09:19:08.1","sp_sp":0,"sp_percentage":0},{"vd_id":1676745,"visit_id":"V19040893","visit_code":"T21B      ","vd_value":1,"vd_date_saved":"2019-02-07T09:19:19.003","sp_sp":0,"sp_percentage":0},{"vd_id":1676749,"visit_id":"V19040893","visit_code":"T1B       ","vd_value":1,"vd_date_saved":"2019-02-07T09:19:46.84","sp_sp":0,"sp_percentage":0},{"vd_id":1677606,"visit_id":"V19040902","visit_code":"T3        ","vd_value":1,"vd_date_saved":"2019-02-07T17:47:58.64","sp_sp":0,"sp_percentage":0},{"vd_id":1677577,"visit_id":"V19040910","visit_code":"T3        ","vd_value":1,"vd_date_saved":"2019-02-07T17:44:35.457","sp_sp":0,"sp_percentage":0},{"vd_id":1677580,"visit_id":"V19040910","visit_code":"T7        ","vd_value":1,"vd_date_saved":"2019-02-07T17:44:54.87","sp_sp":0,"sp_percentage":0},{"vd_id":1677583,"visit_id":"V19040910","visit_code":"T21       ","vd_value":1,"vd_date_saved":"2019-02-07T17:45:05.227","sp_sp":0,"sp_percentage":0},{"vd_id":1677610,"visit_id":"V19040902","visit_code":"T4        ","vd_value":1,"vd_date_saved":"2019-02-07T17:48:22.507","sp_sp":0,"sp_percentage":0},{"vd_id":1677614,"visit_id":"V19040902","visit_code":"U1        ","vd_value":1,"vd_date_saved":"2019-02-07T17:49:00.943","sp_sp":0,"sp_percentage":0},{"vd_id":1677671,"visit_id":"V19040936","visit_code":"T7        ","vd_value":1,"vd_date_saved":"2019-02-07T17:59:36.06","sp_sp":0,"sp_percentage":0},{"vd_id":1677672,"visit_id":"V19040936","visit_code":"T9        ","vd_value":1,"vd_date_saved":"2019-02-07T18:00:00.683","sp_sp":0,"sp_percentage":0},{"vd_id":1677673,"visit_id":"V19040936","visit_code":"U1        ","vd_value":1,"vd_date_saved":"2019-02-07T18:00:26.82","sp_sp":0,"sp_percentage":0},{"vd_id":1676757,"visit_id":"V19041064","visit_code":"U1        ","vd_value":1,"vd_date_saved":"2019-02-07T09:21:32.833","sp_sp":0,"sp_percentage":0},{"vd_id":1676761,"visit_id":"V19041064","visit_code":"T3        ","vd_value":1,"vd_date_saved":"2019-02-07T09:21:52.2","sp_sp":0,"sp_percentage":0},{"vd_id":1676765,"visit_id":"V19041064","visit_code":"T4        ","vd_value":1,"vd_date_saved":"2019-02-07T09:22:18.55","sp_sp":0,"sp_percentage":0},{"vd_id":1676857,"visit_id":"V19040990","visit_code":"T7        ","vd_value":1,"vd_date_saved":"2019-02-07T09:32:24.71","sp_sp":0,"sp_percentage":0},{"vd_id":1676860,"visit_id":"V19040990","visit_code":"T3        ","vd_value":1,"vd_date_saved":"2019-02-07T09:32:36.2","sp_sp":0,"sp_percentage":0},{"vd_id":1676863,"visit_id":"V19040990","visit_code":"T4        ","vd_value":1,"vd_date_saved":"2019-02-07T09:33:27.39","sp_sp":0,"sp_percentage":0},{"vd_id":1676866,"visit_id":"V19040990","visit_code":"T1        ","vd_value":1,"vd_date_saved":"2019-02-07T09:33:56.05","sp_sp":0,"sp_percentage":0},{"vd_id":1677607,"visit_id":"V19040982","visit_code":"T3        ","vd_value":1,"vd_date_saved":"2019-02-07T17:47:58.64","sp_sp":0,"sp_percentage":0},{"vd_id":1677611,"visit_id":"V19040982","visit_code":"T4        ","vd_value":1,"vd_date_saved":"2019-02-07T17:48:22.507","sp_sp":0,"sp_percentage":0},{"vd_id":1677615,"visit_id":"V19040982","visit_code":"U1        ","vd_value":1,"vd_date_saved":"2019-02-07T17:49:00.943","sp_sp":0,"sp_percentage":0},{"vd_id":1677713,"visit_id":"V19040955","visit_code":"T9B       ","vd_value":1,"vd_date_saved":"2019-02-07T18:12:44.803","sp_sp":0,"sp_percentage":0},{"vd_id":1677716,"visit_id":"V19040955","visit_code":"T9        ","vd_value":1,"vd_date_saved":"2019-02-07T18:12:54.607","sp_sp":0,"sp_percentage":0},{"vd_id":1677719,"visit_id":"V19040955","visit_code":"U1        ","vd_value":1,"vd_date_saved":"2019-02-07T18:13:06.53","sp_sp":0,"sp_percentage":0},{"vd_id":1677722,"visit_id":"V19040955","visit_code":"T21B      ","vd_value":1,"vd_date_saved":"2019-02-07T18:13:44.9","sp_sp":0,"sp_percentage":0},{"vd_id":1677768,"visit_id":"V19040963","visit_code":"T22B      ","vd_value":1,"vd_date_saved":"2019-02-07T18:21:10.217","sp_sp":0,"sp_percentage":0},{"vd_id":1677772,"visit_id":"V19040963","visit_code":"T1B       ","vd_value":1,"vd_date_saved":"2019-02-07T18:21:19.467","sp_sp":0,"sp_percentage":0},{"vd_id":1676689,"visit_id":"V19041297","visit_code":"T7        ","vd_value":1,"vd_date_saved":"2019-02-07T09:11:03.42","sp_sp":0,"sp_percentage":0},{"vd_id":1676692,"visit_id":"V19041297","visit_code":"T3        ","vd_value":1,"vd_date_saved":"2019-02-07T09:12:09.15","sp_sp":0,"sp_percentage":0},{"vd_id":1676733,"visit_id":"V19041410","visit_code":"T1B       ","vd_value":1,"vd_date_saved":"2019-02-07T09:17:32.9","sp_sp":0,"sp_percentage":0},{"vd_id":1676738,"visit_id":"V19041410","visit_code":"T21B      ","vd_value":1,"vd_date_saved":"2019-02-07T09:17:55.67","sp_sp":0,"sp_percentage":0},{"vd_id":1676814,"visit_id":"V19041398","visit_code":"T9B       ","vd_value":1,"vd_date_saved":"2019-02-07T09:28:27.353","sp_sp":0,"sp_percentage":0},{"vd_id":1676818,"visit_id":"V19041398","visit_code":"T21B      ","vd_value":1,"vd_date_saved":"2019-02-07T09:28:40.21","sp_sp":0,"sp_percentage":0},{"vd_id":1676822,"visit_id":"V19041398","visit_code":"T7        ","vd_value":1,"vd_date_saved":"2019-02-07T09:29:04.763","sp_sp":0,"sp_percentage":0},{"vd_id":1676845,"visit_id":"V19041278","visit_code":"T3        ","vd_value":1,"vd_date_saved":"2019-02-07T09:31:13.937","sp_sp":0,"sp_percentage":0},{"vd_id":1676848,"visit_id":"V19041278","visit_code":"T7        ","vd_value":1,"vd_date_saved":"2019-02-07T09:31:41.56","sp_sp":0,"sp_percentage":0},{"vd_id":1676851,"visit_id":"V19041278","visit_code":"U1        ","vd_value":1,"vd_date_saved":"2019-02-07T09:31:58.85","sp_sp":0,"sp_percentage":0},{"vd_id":1676854,"visit_id":"V19041278","visit_code":"T4        ","vd_value":1,"vd_date_saved":"2019-02-07T09:32:10.013","sp_sp":0,"sp_percentage":0},{"vd_id":1677748,"visit_id":"V19041426","visit_code":"T3        ","vd_value":1,"vd_date_saved":"2019-02-07T18:17:06.53","sp_sp":0,"sp_percentage":0},{"vd_id":1677751,"visit_id":"V19041426","visit_code":"T4        ","vd_value":1,"vd_date_saved":"2019-02-07T18:18:08.507","sp_sp":0,"sp_percentage":0},{"vd_id":1677770,"visit_id":"V19041418","visit_code":"T22B      ","vd_value":1,"vd_date_saved":"2019-02-07T18:21:10.217","sp_sp":0,"sp_percentage":0},{"vd_id":1677774,"visit_id":"V19041418","visit_code":"T1B       ","vd_value":1,"vd_date_saved":"2019-02-07T18:21:19.467","sp_sp":0,"sp_percentage":0},{"vd_id":1677776,"visit_id":"V19041386","visit_code":"T7        ","vd_value":1,"vd_date_saved":"2019-02-07T18:22:48.56","sp_sp":0,"sp_percentage":0},{"vd_id":1677779,"visit_id":"V19041386","visit_code":"T3        ","vd_value":1,"vd_date_saved":"2019-02-07T18:23:00.997","sp_sp":0,"sp_percentage":0},{"vd_id":1677802,"visit_id":"V19041378","visit_code":"T9        ","vd_value":1,"vd_date_saved":"2019-02-07T18:25:44.91","sp_sp":0,"sp_percentage":0},{"vd_id":1677805,"visit_id":"V19041378","visit_code":"T9B       ","vd_value":1,"vd_date_saved":"2019-02-07T18:26:01.307","sp_sp":0,"sp_percentage":0},{"vd_id":1677808,"visit_id":"V19041378","visit_code":"U1        ","vd_value":1,"vd_date_saved":"2019-02-07T18:26:18.427","sp_sp":0,"sp_percentage":0},{"vd_id":1677846,"visit_id":"V19041204","visit_code":"T9B       ","vd_value":1,"vd_date_saved":"2019-02-07T19:03:50.777","sp_sp":0,"sp_percentage":0},{"vd_id":1677849,"visit_id":"V19041204","visit_code":"T9        ","vd_value":1,"vd_date_saved":"2019-02-07T19:04:00.477","sp_sp":0,"sp_percentage":0},{"vd_id":1677852,"visit_id":"V19041204","visit_code":"T21       ","vd_value":1,"vd_date_saved":"2019-02-07T19:04:08.16","sp_sp":0,"sp_percentage":0},{"vd_id":1677855,"visit_id":"V19041204","visit_code":"T7        ","vd_value":1,"vd_date_saved":"2019-02-07T19:04:29.883","sp_sp":0,"sp_percentage":0},{"vd_id":1677881,"visit_id":"V19041132","visit_code":"T7        ","vd_value":1,"vd_date_saved":"2019-02-07T19:08:49.377","sp_sp":0,"sp_percentage":0},{"vd_id":1677882,"visit_id":"V19041132","visit_code":"T3        ","vd_value":1,"vd_date_saved":"2019-02-07T19:08:57.067","sp_sp":0,"sp_percentage":0},{"vd_id":1677883,"visit_id":"V19041132","visit_code":"T6        ","vd_value":1,"vd_date_saved":"2019-02-07T19:09:28.847","sp_sp":0,"sp_percentage":0},{"vd_id":1677884,"visit_id":"V19041132","visit_code":"T9B       ","vd_value":1,"vd_date_saved":"2019-02-07T19:09:43.193","sp_sp":0,"sp_percentage":0},{"vd_id":1677887,"visit_id":"V19041140","visit_code":"T9B       ","vd_value":1,"vd_date_saved":"2019-02-07T19:10:33.823","sp_sp":0,"sp_percentage":0},{"vd_id":1677888,"visit_id":"V19041140","visit_code":"T21B      ","vd_value":1,"vd_date_saved":"2019-02-07T19:10:43.353","sp_sp":0,"sp_percentage":0},{"vd_id":1677889,"visit_id":"V19041140","visit_code":"T7        ","vd_value":1,"vd_date_saved":"2019-02-07T19:11:02.443","sp_sp":0,"sp_percentage":0},{"vd_id":1684087,"visit_id":"V19041355","visit_code":"T0        ","vd_value":1,"vd_date_saved":"2019-02-25T05:21:37.107","sp_sp":null,"sp_percentage":null},{"vd_id":1677754,"visit_id":"V19041426","visit_code":"U1        ","vd_value":1,"vd_date_saved":"2019-02-07T18:18:36.387","sp_sp":0,"sp_percentage":0},{"vd_id":1677757,"visit_id":"V19041426","visit_code":"T7        ","vd_value":1,"vd_date_saved":"2019-02-07T18:18:47.837","sp_sp":0,"sp_percentage":0},{"vd_id":1677803,"visit_id":"V19041442","visit_code":"T9        ","vd_value":1,"vd_date_saved":"2019-02-07T18:25:44.91","sp_sp":0,"sp_percentage":0},{"vd_id":1677806,"visit_id":"V19041442","visit_code":"T9B       ","vd_value":1,"vd_date_saved":"2019-02-07T18:26:01.307","sp_sp":0,"sp_percentage":0},{"vd_id":1677809,"visit_id":"V19041442","visit_code":"U1        ","vd_value":1,"vd_date_saved":"2019-02-07T18:26:18.427","sp_sp":0,"sp_percentage":0},{"vd_id":1677826,"visit_id":"V19041434","visit_code":"T22B      ","vd_value":1,"vd_date_saved":"2019-02-07T19:01:38.847","sp_sp":0,"sp_percentage":0},{"vd_id":1677860,"visit_id":"V19041450","visit_code":"T7        ","vd_value":1,"vd_date_saved":"2019-02-07T19:05:27.783","sp_sp":0,"sp_percentage":0},{"vd_id":1677863,"visit_id":"V19041450","visit_code":"T3        ","vd_value":1,"vd_date_saved":"2019-02-07T19:05:38.55","sp_sp":0,"sp_percentage":0},{"vd_id":1677866,"visit_id":"V19041450","visit_code":"T4        ","vd_value":1,"vd_date_saved":"2019-02-07T19:06:09.94","sp_sp":0,"sp_percentage":0},{"vd_id":1676434,"visit_id":"V19040884","visit_code":"T7        ","vd_value":1,"vd_date_saved":"2019-02-07T01:01:32.027","sp_sp":0,"sp_percentage":0},{"vd_id":1676437,"visit_id":"V19040884","visit_code":"T3        ","vd_value":1,"vd_date_saved":"2019-02-07T01:01:44.08","sp_sp":0,"sp_percentage":0},{"vd_id":1676440,"visit_id":"V19040884","visit_code":"T5        ","vd_value":1,"vd_date_saved":"2019-02-07T01:01:56.243","sp_sp":0,"sp_percentage":0},{"vd_id":1676789,"visit_id":"V19040892","visit_code":"T3        ","vd_value":1,"vd_date_saved":"2019-02-07T09:24:53.61","sp_sp":0,"sp_percentage":0},{"vd_id":1676792,"visit_id":"V19040892","visit_code":"T1        ","vd_value":1,"vd_date_saved":"2019-02-07T09:25:13.91","sp_sp":0,"sp_percentage":0},{"vd_id":1676795,"visit_id":"V19040892","visit_code":"T7        ","vd_value":1,"vd_date_saved":"2019-02-07T09:25:34.947","sp_sp":0,"sp_percentage":0},{"vd_id":1676777,"visit_id":"V19040900","visit_code":"T3        ","vd_value":1,"vd_date_saved":"2019-02-07T09:24:02.177","sp_sp":0,"sp_percentage":0},{"vd_id":1676781,"visit_id":"V19040900","visit_code":"T4        ","vd_value":1,"vd_date_saved":"2019-02-07T09:24:10.923","sp_sp":0,"sp_percentage":0},{"vd_id":1676785,"visit_id":"V19040900","visit_code":"U1        ","vd_value":1,"vd_date_saved":"2019-02-07T09:24:37.207","sp_sp":0,"sp_percentage":0},{"vd_id":1676856,"visit_id":"V19040909","visit_code":"T7        ","vd_value":1,"vd_date_saved":"2019-02-07T09:32:24.71","sp_sp":0,"sp_percentage":0},{"vd_id":1676859,"visit_id":"V19040909","visit_code":"T3        ","vd_value":1,"vd_date_saved":"2019-02-07T09:32:36.2","sp_sp":0,"sp_percentage":0},{"vd_id":1676862,"visit_id":"V19040909","visit_code":"T4        ","vd_value":1,"vd_date_saved":"2019-02-07T09:33:27.39","sp_sp":0,"sp_percentage":0},{"vd_id":1676865,"visit_id":"V19040909","visit_code":"T1        ","vd_value":1,"vd_date_saved":"2019-02-07T09:33:56.05","sp_sp":0,"sp_percentage":0},{"vd_id":1677680,"visit_id":"V19040927","visit_code":"T3        ","vd_value":1,"vd_date_saved":"2019-02-07T18:02:24.21","sp_sp":0,"sp_percentage":0},{"vd_id":1676732,"visit_id":"V19041063","visit_code":"T1B       ","vd_value":1,"vd_date_saved":"2019-02-07T09:17:32.9","sp_sp":0,"sp_percentage":0},{"vd_id":1676737,"visit_id":"V19041063","visit_code":"T21B      ","vd_value":1,"vd_date_saved":"2019-02-07T09:17:55.67","sp_sp":0,"sp_percentage":0},{"vd_id":1677631,"visit_id":"V19041203","visit_code":"T7        ","vd_value":1,"vd_date_saved":"2019-02-07T17:50:35.82","sp_sp":0,"sp_percentage":0},{"vd_id":1677634,"visit_id":"V19041203","visit_code":"T9B       ","vd_value":1,"vd_date_saved":"2019-02-07T17:50:44.237","sp_sp":0,"sp_percentage":0},{"vd_id":1677637,"visit_id":"V19041203","visit_code":"T21B      ","vd_value":1,"vd_date_saved":"2019-02-07T17:50:53.92","sp_sp":0,"sp_percentage":0},{"vd_id":1677682,"visit_id":"V19040927","visit_code":"T7        ","vd_value":1,"vd_date_saved":"2019-02-07T18:02:40.343","sp_sp":0,"sp_percentage":0},{"vd_id":1677684,"visit_id":"V19040927","visit_code":"U1        ","vd_value":1,"vd_date_saved":"2019-02-07T18:03:02.62","sp_sp":0,"sp_percentage":0},{"vd_id":1677758,"visit_id":"V19040962","visit_code":"T21B      ","vd_value":1,"vd_date_saved":"2019-02-07T18:19:19.527","sp_sp":0,"sp_percentage":0},{"vd_id":1677761,"visit_id":"V19040962","visit_code":"T7        ","vd_value":1,"vd_date_saved":"2019-02-07T18:19:54.817","sp_sp":0,"sp_percentage":0},{"vd_id":1677792,"visit_id":"V19040976","visit_code":"T3        ","vd_value":1,"vd_date_saved":"2019-02-07T18:24:52.88","sp_sp":0,"sp_percentage":0},{"vd_id":1677795,"visit_id":"V19040976","visit_code":"T6        ","vd_value":1,"vd_date_saved":"2019-02-07T18:25:03.377","sp_sp":0,"sp_percentage":0},{"vd_id":1677798,"visit_id":"V19040976","visit_code":"T7        ","vd_value":1,"vd_date_saved":"2019-02-07T18:25:25.113","sp_sp":0,"sp_percentage":0},{"vd_id":1677880,"visit_id":"V19041131","visit_code":"T22B      ","vd_value":1,"vd_date_saved":"2019-02-07T19:08:40.377","sp_sp":0,"sp_percentage":0},{"vd_id":1677900,"visit_id":"V19041139","visit_code":"T9B       ","vd_value":1,"vd_date_saved":"2019-02-07T19:13:51.09","sp_sp":0,"sp_percentage":0},{"vd_id":1677901,"visit_id":"V19041139","visit_code":"T7        ","vd_value":1,"vd_date_saved":"2019-02-07T19:13:57.673","sp_sp":0,"sp_percentage":0},{"vd_id":1679706,"visit_id":"V19040954","visit_code":"T0        ","vd_value":1,"vd_date_saved":"2019-02-11T02:38:02.627","sp_sp":null,"sp_percentage":null},{"vd_id":1676670,"visit_id":"V19041409","visit_code":"T22B      ","vd_value":1,"vd_date_saved":"2019-02-07T09:08:55.573","sp_sp":0,"sp_percentage":0},{"vd_id":1676674,"visit_id":"V19041409","visit_code":"T22       ","vd_value":1,"vd_date_saved":"2019-02-07T09:09:08.543","sp_sp":0,"sp_percentage":0},{"vd_id":1676678,"visit_id":"V19041409","visit_code":"T21B      ","vd_value":1,"vd_date_saved":"2019-02-07T09:09:44.387","sp_sp":0,"sp_percentage":0},{"vd_id":1676695,"visit_id":"V19041397","visit_code":"T9B       ","vd_value":1,"vd_date_saved":"2019-02-07T09:12:25.247","sp_sp":0,"sp_percentage":0},{"vd_id":1676698,"visit_id":"V19041397","visit_code":"T7        ","vd_value":1,"vd_date_saved":"2019-02-07T09:12:44.597","sp_sp":0,"sp_percentage":0},{"vd_id":1676701,"visit_id":"V19041397","visit_code":"T6        ","vd_value":1,"vd_date_saved":"2019-02-07T09:12:54.123","sp_sp":0,"sp_percentage":0},{"vd_id":1676710,"visit_id":"V19041354","visit_code":"T3        ","vd_value":1,"vd_date_saved":"2019-02-07T09:15:15.833","sp_sp":0,"sp_percentage":0},{"vd_id":1676715,"visit_id":"V19041354","visit_code":"T4        ","vd_value":1,"vd_date_saved":"2019-02-07T09:15:27.523","sp_sp":0,"sp_percentage":0},{"vd_id":1676719,"visit_id":"V19041354","visit_code":"U1        ","vd_value":1,"vd_date_saved":"2019-02-07T09:16:08.597","sp_sp":0,"sp_percentage":0},{"vd_id":1676769,"visit_id":"V19041296","visit_code":"T7        ","vd_value":1,"vd_date_saved":"2019-02-07T09:22:42.65","sp_sp":0,"sp_percentage":0},{"vd_id":1676772,"visit_id":"V19041296","visit_code":"T10       ","vd_value":1,"vd_date_saved":"2019-02-07T09:22:53.657","sp_sp":0,"sp_percentage":0},{"vd_id":1676775,"visit_id":"V19041296","visit_code":"T3        ","vd_value":1,"vd_date_saved":"2019-02-07T09:23:48.253","sp_sp":0,"sp_percentage":0},{"vd_id":1676815,"visit_id":"V19041433","visit_code":"T9B       ","vd_value":1,"vd_date_saved":"2019-02-07T09:28:27.353","sp_sp":0,"sp_percentage":0},{"vd_id":1676819,"visit_id":"V19041433","visit_code":"T21B      ","vd_value":1,"vd_date_saved":"2019-02-07T09:28:40.21","sp_sp":0,"sp_percentage":0},{"vd_id":1676823,"visit_id":"V19041433","visit_code":"T7        ","vd_value":1,"vd_date_saved":"2019-02-07T09:29:04.763","sp_sp":0,"sp_percentage":0},{"vd_id":1677578,"visit_id":"V19041385","visit_code":"T3        ","vd_value":1,"vd_date_saved":"2019-02-07T17:44:35.457","sp_sp":0,"sp_percentage":0},{"vd_id":1677581,"visit_id":"V19041385","visit_code":"T7        ","vd_value":1,"vd_date_saved":"2019-02-07T17:44:54.87","sp_sp":0,"sp_percentage":0},{"vd_id":1677584,"visit_id":"V19041385","visit_code":"T21       ","vd_value":1,"vd_date_saved":"2019-02-07T17:45:05.227","sp_sp":0,"sp_percentage":0},{"vd_id":1677688,"visit_id":"V19041449","visit_code":"T9B       ","vd_value":1,"vd_date_saved":"2019-02-07T18:08:56.353","sp_sp":0,"sp_percentage":0},{"vd_id":1677691,"visit_id":"V19041449","visit_code":"T21B      ","vd_value":1,"vd_date_saved":"2019-02-07T18:09:09.363","sp_sp":0,"sp_percentage":0},{"vd_id":1677694,"visit_id":"V19041449","visit_code":"T7        ","vd_value":1,"vd_date_saved":"2019-02-07T18:09:47.443","sp_sp":0,"sp_percentage":0},{"vd_id":1677705,"visit_id":"V19041273","visit_code":"T3        ","vd_value":1,"vd_date_saved":"2019-02-07T18:11:41.98","sp_sp":0,"sp_percentage":0},{"vd_id":1677708,"visit_id":"V19041273","visit_code":"T10       ","vd_value":1,"vd_date_saved":"2019-02-07T18:11:55.6","sp_sp":0,"sp_percentage":0},{"vd_id":1677711,"visit_id":"V19041273","visit_code":"T7        ","vd_value":1,"vd_date_saved":"2019-02-07T18:12:08.297","sp_sp":0,"sp_percentage":0},{"vd_id":1677769,"visit_id":"V19041362","visit_code":"T22B      ","vd_value":1,"vd_date_saved":"2019-02-07T18:21:10.217","sp_sp":0,"sp_percentage":0},{"vd_id":1677773,"visit_id":"V19041362","visit_code":"T1B       ","vd_value":1,"vd_date_saved":"2019-02-07T18:21:19.467","sp_sp":0,"sp_percentage":0},{"vd_id":1677811,"visit_id":"V19041425","visit_code":"T7        ","vd_value":1,"vd_date_saved":"2019-02-07T18:26:30.037","sp_sp":0,"sp_percentage":0},{"vd_id":1677814,"visit_id":"V19041425","visit_code":"T3        ","vd_value":1,"vd_date_saved":"2019-02-07T18:26:41.24","sp_sp":0,"sp_percentage":0},{"vd_id":1677817,"visit_id":"V19041425","visit_code":"U1        ","vd_value":1,"vd_date_saved":"2019-02-07T18:27:11.49","sp_sp":0,"sp_percentage":0},{"vd_id":1691304,"visit_id":"V19041417","visit_code":"T0        ","vd_value":1,"vd_date_saved":"2019-03-01T15:42:10.897","sp_sp":null,"sp_percentage":null},{"vd_id":1693169,"visit_id":"V19041441","visit_code":"T0        ","vd_value":1,"vd_date_saved":"2019-03-01T16:24:46.983","sp_sp":null,"sp_percentage":null},{"vd_id":1676702,"visit_id":"V19040879","visit_code":"T7        ","vd_value":1,"vd_date_saved":"2019-02-07T09:13:08.46","sp_sp":0,"sp_percentage":0},{"vd_id":1676705,"visit_id":"V19040879","visit_code":"T9B       ","vd_value":1,"vd_date_saved":"2019-02-07T09:13:23.747","sp_sp":0,"sp_percentage":0},{"vd_id":1676680,"visit_id":"V19040887","visit_code":"T22B      ","vd_value":1,"vd_date_saved":"2019-02-07T09:10:15.723","sp_sp":0,"sp_percentage":0},{"vd_id":1676708,"visit_id":"V19040895","visit_code":"T3        ","vd_value":1,"vd_date_saved":"2019-02-07T09:15:15.833","sp_sp":0,"sp_percentage":0},{"vd_id":1676713,"visit_id":"V19040895","visit_code":"T4        ","vd_value":1,"vd_date_saved":"2019-02-07T09:15:27.523","sp_sp":0,"sp_percentage":0},{"vd_id":1676717,"visit_id":"V19040895","visit_code":"U1        ","vd_value":1,"vd_date_saved":"2019-02-07T09:16:08.597","sp_sp":0,"sp_percentage":0},{"vd_id":1677589,"visit_id":"V19040904","visit_code":"T3        ","vd_value":1,"vd_date_saved":"2019-02-07T17:46:13.557","sp_sp":0,"sp_percentage":0},{"vd_id":1677593,"visit_id":"V19040904","visit_code":"T4        ","vd_value":1,"vd_date_saved":"2019-02-07T17:46:31.17","sp_sp":0,"sp_percentage":0},{"vd_id":1677665,"visit_id":"V19040938","visit_code":"T3        ","vd_value":1,"vd_date_saved":"2019-02-07T17:56:23.857","sp_sp":0,"sp_percentage":0},{"vd_id":1677666,"visit_id":"V19040938","visit_code":"T6        ","vd_value":1,"vd_date_saved":"2019-02-07T17:56:58.317","sp_sp":0,"sp_percentage":0},{"vd_id":1677667,"visit_id":"V19040938","visit_code":"T7        ","vd_value":1,"vd_date_saved":"2019-02-07T17:57:13.483","sp_sp":0,"sp_percentage":0},{"vd_id":1677701,"visit_id":"V19040957","visit_code":"T21B      ","vd_value":1,"vd_date_saved":"2019-02-07T18:10:50.027","sp_sp":0,"sp_percentage":0},{"vd_id":1679703,"visit_id":"V19040912","visit_code":"T0        ","vd_value":1,"vd_date_saved":"2019-02-10T19:51:39.63","sp_sp":null,"sp_percentage":null},{"vd_id":1684085,"visit_id":"V19040967","visit_code":"T0        ","vd_value":1,"vd_date_saved":"2019-02-25T03:56:15.607","sp_sp":null,"sp_percentage":null},{"vd_id":1676778,"visit_id":"V19041066","visit_code":"T3        ","vd_value":1,"vd_date_saved":"2019-02-07T09:24:02.177","sp_sp":0,"sp_percentage":0},{"vd_id":1676782,"visit_id":"V19041066","visit_code":"T4        ","vd_value":1,"vd_date_saved":"2019-02-07T09:24:10.923","sp_sp":0,"sp_percentage":0},{"vd_id":1676786,"visit_id":"V19041066","visit_code":"U1        ","vd_value":1,"vd_date_saved":"2019-02-07T09:24:37.207","sp_sp":0,"sp_percentage":0},{"vd_id":1676805,"visit_id":"V19041291","visit_code":"T21B      ","vd_value":1,"vd_date_saved":"2019-02-07T09:27:07.267","sp_sp":0,"sp_percentage":0},{"vd_id":1676809,"visit_id":"V19041291","visit_code":"T1B       ","vd_value":1,"vd_date_saved":"2019-02-07T09:27:51.933","sp_sp":0,"sp_percentage":0},{"vd_id":1677714,"visit_id":"V19041310","visit_code":"T9B       ","vd_value":1,"vd_date_saved":"2019-02-07T18:12:44.803","sp_sp":0,"sp_percentage":0},{"vd_id":1677717,"visit_id":"V19041310","visit_code":"T9        ","vd_value":1,"vd_date_saved":"2019-02-07T18:12:54.607","sp_sp":0,"sp_percentage":0},{"vd_id":1677775,"visit_id":"V19041168","visit_code":"T7        ","vd_value":1,"vd_date_saved":"2019-02-07T18:22:48.56","sp_sp":0,"sp_percentage":0},{"vd_id":1677778,"visit_id":"V19041168","visit_code":"T3        ","vd_value":1,"vd_date_saved":"2019-02-07T18:23:00.997","sp_sp":0,"sp_percentage":0},{"vd_id":1677801,"visit_id":"V19041227","visit_code":"T9        ","vd_value":1,"vd_date_saved":"2019-02-07T18:25:44.91","sp_sp":0,"sp_percentage":0},{"vd_id":1677804,"visit_id":"V19041227","visit_code":"T9B       ","vd_value":1,"vd_date_saved":"2019-02-07T18:26:01.307","sp_sp":0,"sp_percentage":0},{"vd_id":1677807,"visit_id":"V19041227","visit_code":"U1        ","vd_value":1,"vd_date_saved":"2019-02-07T18:26:18.427","sp_sp":0,"sp_percentage":0},{"vd_id":1677890,"visit_id":"V19041134","visit_code":"T9B       ","vd_value":1,"vd_date_saved":"2019-02-07T19:11:15.867","sp_sp":0,"sp_percentage":0},{"vd_id":1677891,"visit_id":"V19041134","visit_code":"T21B      ","vd_value":1,"vd_date_saved":"2019-02-07T19:11:24.557","sp_sp":0,"sp_percentage":0},{"vd_id":1677892,"visit_id":"V19041134","visit_code":"T22B      ","vd_value":1,"vd_date_saved":"2019-02-07T19:12:02.067","sp_sp":0,"sp_percentage":0},{"vd_id":1677893,"visit_id":"V19041134","visit_code":"T7        ","vd_value":1,"vd_date_saved":"2019-02-07T19:12:15.93","sp_sp":0,"sp_percentage":0},{"vd_id":1676758,"visit_id":"V19041357","visit_code":"U1        ","vd_value":1,"vd_date_saved":"2019-02-07T09:21:32.833","sp_sp":0,"sp_percentage":0},{"vd_id":1676762,"visit_id":"V19041357","visit_code":"T3        ","vd_value":1,"vd_date_saved":"2019-02-07T09:21:52.2","sp_sp":0,"sp_percentage":0},{"vd_id":1676766,"visit_id":"V19041357","visit_code":"T4        ","vd_value":1,"vd_date_saved":"2019-02-07T09:22:18.55","sp_sp":0,"sp_percentage":0},{"vd_id":1676858,"visit_id":"V19041412","visit_code":"T7        ","vd_value":1,"vd_date_saved":"2019-02-07T09:32:24.71","sp_sp":0,"sp_percentage":0},{"vd_id":1676861,"visit_id":"V19041412","visit_code":"T3        ","vd_value":1,"vd_date_saved":"2019-02-07T09:32:36.2","sp_sp":0,"sp_percentage":0},{"vd_id":1676864,"visit_id":"V19041412","visit_code":"T4        ","vd_value":1,"vd_date_saved":"2019-02-07T09:33:27.39","sp_sp":0,"sp_percentage":0},{"vd_id":1676867,"visit_id":"V19041412","visit_code":"T1        ","vd_value":1,"vd_date_saved":"2019-02-07T09:33:56.05","sp_sp":0,"sp_percentage":0},{"vd_id":1677599,"visit_id":"V19041436","visit_code":"T7        ","vd_value":1,"vd_date_saved":"2019-02-07T17:46:59.797","sp_sp":0,"sp_percentage":0},{"vd_id":1677602,"visit_id":"V19041436","visit_code":"T21B      ","vd_value":1,"vd_date_saved":"2019-02-07T17:47:13.14","sp_sp":0,"sp_percentage":0},{"vd_id":1677605,"visit_id":"V19041436","visit_code":"T9B       ","vd_value":1,"vd_date_saved":"2019-02-07T17:47:34.93","sp_sp":0,"sp_percentage":0},{"vd_id":1677608,"visit_id":"V19041380","visit_code":"T3        ","vd_value":1,"vd_date_saved":"2019-02-07T17:47:58.64","sp_sp":0,"sp_percentage":0},{"vd_id":1677612,"visit_id":"V19041380","visit_code":"T4        ","vd_value":1,"vd_date_saved":"2019-02-07T17:48:22.507","sp_sp":0,"sp_percentage":0},{"vd_id":1677616,"visit_id":"V19041380","visit_code":"U1        ","vd_value":1,"vd_date_saved":"2019-02-07T17:49:00.943","sp_sp":0,"sp_percentage":0},{"vd_id":1677700,"visit_id":"V19041452","visit_code":"T7        ","vd_value":1,"vd_date_saved":"2019-02-07T18:10:29.177","sp_sp":0,"sp_percentage":0},{"vd_id":1677720,"visit_id":"V19041310","visit_code":"U1        ","vd_value":1,"vd_date_saved":"2019-02-07T18:13:06.53","sp_sp":0,"sp_percentage":0},{"vd_id":1677723,"visit_id":"V19041310","visit_code":"T21B      ","vd_value":1,"vd_date_saved":"2019-02-07T18:13:44.9","sp_sp":0,"sp_percentage":0},{"vd_id":1677783,"visit_id":"V19041428","visit_code":"T9B       ","vd_value":1,"vd_date_saved":"2019-02-07T18:23:41.457","sp_sp":0,"sp_percentage":0},{"vd_id":1677786,"visit_id":"V19041428","visit_code":"T9        ","vd_value":1,"vd_date_saved":"2019-02-07T18:23:55.25","sp_sp":0,"sp_percentage":0},{"vd_id":1677789,"visit_id":"V19041428","visit_code":"T3        ","vd_value":1,"vd_date_saved":"2019-02-07T18:24:10.403","sp_sp":0,"sp_percentage":0},{"vd_id":1677793,"visit_id":"V19041388","visit_code":"T3        ","vd_value":1,"vd_date_saved":"2019-02-07T18:24:52.88","sp_sp":0,"sp_percentage":0},{"vd_id":1677796,"visit_id":"V19041388","visit_code":"T6        ","vd_value":1,"vd_date_saved":"2019-02-07T18:25:03.377","sp_sp":0,"sp_percentage":0},{"vd_id":1677799,"visit_id":"V19041388","visit_code":"T7        ","vd_value":1,"vd_date_saved":"2019-02-07T18:25:25.113","sp_sp":0,"sp_percentage":0},{"vd_id":1677838,"visit_id":"V19041420","visit_code":"T3        ","vd_value":1,"vd_date_saved":"2019-02-07T19:02:56.653","sp_sp":0,"sp_percentage":0},{"vd_id":1677841,"visit_id":"V19041420","visit_code":"T5        ","vd_value":1,"vd_date_saved":"2019-02-07T19:03:07.78","sp_sp":0,"sp_percentage":0},{"vd_id":1677844,"visit_id":"V19041420","visit_code":"T7        ","vd_value":1,"vd_date_saved":"2019-02-07T19:03:14.027","sp_sp":0,"sp_percentage":0},{"vd_id":1677847,"visit_id":"V19041404","visit_code":"T9B       ","vd_value":1,"vd_date_saved":"2019-02-07T19:03:50.777","sp_sp":0,"sp_percentage":0},{"vd_id":1677850,"visit_id":"V19041404","visit_code":"T9        ","vd_value":1,"vd_date_saved":"2019-02-07T19:04:00.477","sp_sp":0,"sp_percentage":0},{"vd_id":1677853,"visit_id":"V19041404","visit_code":"T21       ","vd_value":1,"vd_date_saved":"2019-02-07T19:04:08.16","sp_sp":0,"sp_percentage":0},{"vd_id":1677856,"visit_id":"V19041404","visit_code":"T7        ","vd_value":1,"vd_date_saved":"2019-02-07T19:04:29.883","sp_sp":0,"sp_percentage":0},{"vd_id":1693228,"visit_id":"V19041444","visit_code":"T0        ","vd_value":1,"vd_date_saved":"2019-03-01T16:26:56.033","sp_sp":null,"sp_percentage":null},{"vd_id":1676693,"visit_id":"V19040880","visit_code":"T9B       ","vd_value":1,"vd_date_saved":"2019-02-07T09:12:25.247","sp_sp":0,"sp_percentage":0},{"vd_id":1676696,"visit_id":"V19040880","visit_code":"T7        ","vd_value":1,"vd_date_saved":"2019-02-07T09:12:44.597","sp_sp":0,"sp_percentage":0},{"vd_id":1676684,"visit_id":"V19040888","visit_code":"T7        ","vd_value":1,"vd_date_saved":"2019-02-07T09:10:40.643","sp_sp":0,"sp_percentage":0},{"vd_id":1676686,"visit_id":"V19040888","visit_code":"T3        ","vd_value":1,"vd_date_saved":"2019-02-07T09:10:50.303","sp_sp":0,"sp_percentage":0},{"vd_id":1676699,"visit_id":"V19040880","visit_code":"T6        ","vd_value":1,"vd_date_saved":"2019-02-07T09:12:54.123","sp_sp":0,"sp_percentage":0},{"vd_id":1676721,"visit_id":"V19040896","visit_code":"T9B       ","vd_value":1,"vd_date_saved":"2019-02-07T09:16:24.17","sp_sp":0,"sp_percentage":0},{"vd_id":1676724,"visit_id":"V19040896","visit_code":"T21B      ","vd_value":1,"vd_date_saved":"2019-02-07T09:16:37.393","sp_sp":0,"sp_percentage":0},{"vd_id":1676726,"visit_id":"V19040896","visit_code":"T1B       ","vd_value":1,"vd_date_saved":"2019-02-07T09:17:02.897","sp_sp":0,"sp_percentage":0},{"vd_id":1677597,"visit_id":"V19040905","visit_code":"T7        ","vd_value":1,"vd_date_saved":"2019-02-07T17:46:59.797","sp_sp":0,"sp_percentage":0},{"vd_id":1677600,"visit_id":"V19040905","visit_code":"T21B      ","vd_value":1,"vd_date_saved":"2019-02-07T17:47:13.14","sp_sp":0,"sp_percentage":0},{"vd_id":1677603,"visit_id":"V19040905","visit_code":"T9B       ","vd_value":1,"vd_date_saved":"2019-02-07T17:47:34.93","sp_sp":0,"sp_percentage":0},{"vd_id":1677649,"visit_id":"V19040919","visit_code":"T21B      ","vd_value":1,"vd_date_saved":"2019-02-07T17:53:42.917","sp_sp":0,"sp_percentage":0},{"vd_id":1677652,"visit_id":"V19040919","visit_code":"T21       ","vd_value":1,"vd_date_saved":"2019-02-07T17:53:55.83","sp_sp":0,"sp_percentage":0},{"vd_id":1677655,"visit_id":"V19040919","visit_code":"T3        ","vd_value":1,"vd_date_saved":"2019-02-07T17:54:06.053","sp_sp":0,"sp_percentage":0},{"vd_id":1677590,"visit_id":"V19040968","visit_code":"T3        ","vd_value":1,"vd_date_saved":"2019-02-07T17:46:13.557","sp_sp":0,"sp_percentage":0},{"vd_id":1677594,"visit_id":"V19040968","visit_code":"T4        ","vd_value":1,"vd_date_saved":"2019-02-07T17:46:31.17","sp_sp":0,"sp_percentage":0},{"vd_id":1677619,"visit_id":"V19041067","visit_code":"T7        ","vd_value":1,"vd_date_saved":"2019-02-07T17:49:17.993","sp_sp":0,"sp_percentage":0},{"vd_id":1677623,"visit_id":"V19041067","visit_code":"T3        ","vd_value":1,"vd_date_saved":"2019-02-07T17:49:34.163","sp_sp":0,"sp_percentage":0},{"vd_id":1677627,"visit_id":"V19041067","visit_code":"T4        ","vd_value":1,"vd_date_saved":"2019-02-07T17:49:46.93","sp_sp":0,"sp_percentage":0},{"vd_id":1677645,"visit_id":"V19040939","visit_code":"T9B       ","vd_value":1,"vd_date_saved":"2019-02-07T17:52:19.543","sp_sp":0,"sp_percentage":0},{"vd_id":1677646,"visit_id":"V19040939","visit_code":"T9        ","vd_value":1,"vd_date_saved":"2019-02-07T17:52:34.04","sp_sp":0,"sp_percentage":0},{"vd_id":1677647,"visit_id":"V19040939","visit_code":"U1        ","vd_value":1,"vd_date_saved":"2019-02-07T17:52:52.63","sp_sp":0,"sp_percentage":0},{"vd_id":1677648,"visit_id":"V19040939","visit_code":"T4        ","vd_value":1,"vd_date_saved":"2019-02-07T17:53:05.033","sp_sp":0,"sp_percentage":0},{"vd_id":1677658,"visit_id":"V19040919","visit_code":"T4        ","vd_value":1,"vd_date_saved":"2019-02-07T17:54:22.96","sp_sp":0,"sp_percentage":0},{"vd_id":1677704,"visit_id":"V19040958","visit_code":"T3        ","vd_value":1,"vd_date_saved":"2019-02-07T18:11:41.98","sp_sp":0,"sp_percentage":0},{"vd_id":1677707,"visit_id":"V19040958","visit_code":"T10       ","vd_value":1,"vd_date_saved":"2019-02-07T18:11:55.6","sp_sp":0,"sp_percentage":0},{"vd_id":1677710,"visit_id":"V19040958","visit_code":"T7        ","vd_value":1,"vd_date_saved":"2019-02-07T18:12:08.297","sp_sp":0,"sp_percentage":0},{"vd_id":1677895,"visit_id":"V19041135","visit_code":"T22B      ","vd_value":1,"vd_date_saved":"2019-02-07T19:12:41.4","sp_sp":0,"sp_percentage":0},{"vd_id":1677896,"visit_id":"V19041135","visit_code":"T9B       ","vd_value":1,"vd_date_saved":"2019-02-07T19:12:54.953","sp_sp":0,"sp_percentage":0},{"vd_id":1683142,"visit_id":"V19041059","visit_code":"T0        ","vd_value":1,"vd_date_saved":"2019-02-18T11:16:19.84","sp_sp":null,"sp_percentage":null},{"vd_id":1676427,"visit_id":"V19041437","visit_code":"T9        ","vd_value":1,"vd_date_saved":"2019-02-07T01:00:14.247","sp_sp":0,"sp_percentage":0},{"vd_id":1676430,"visit_id":"V19041437","visit_code":"T21B      ","vd_value":1,"vd_date_saved":"2019-02-07T01:00:35.257","sp_sp":0,"sp_percentage":0},{"vd_id":1676433,"visit_id":"V19041437","visit_code":"T7        ","vd_value":1,"vd_date_saved":"2019-02-07T01:01:16.993","sp_sp":0,"sp_percentage":0},{"vd_id":1676445,"visit_id":"V19041393","visit_code":"T9B       ","vd_value":1,"vd_date_saved":"2019-02-07T01:02:19.89","sp_sp":0,"sp_percentage":0},{"vd_id":1676449,"visit_id":"V19041393","visit_code":"U1        ","vd_value":1,"vd_date_saved":"2019-02-07T01:04:36.727","sp_sp":0,"sp_percentage":0},{"vd_id":1676453,"visit_id":"V19041393","visit_code":"T22       ","vd_value":1,"vd_date_saved":"2019-02-07T01:05:22.493","sp_sp":0,"sp_percentage":0},{"vd_id":1676456,"visit_id":"V19041312","visit_code":"T22B      ","vd_value":1,"vd_date_saved":"2019-02-07T01:05:44.953","sp_sp":0,"sp_percentage":0},{"vd_id":1676459,"visit_id":"V19041312","visit_code":"T1B       ","vd_value":1,"vd_date_saved":"2019-02-07T01:05:58.983","sp_sp":0,"sp_percentage":0},{"vd_id":1676703,"visit_id":"V19041292","visit_code":"T7        ","vd_value":1,"vd_date_saved":"2019-02-07T09:13:08.46","sp_sp":0,"sp_percentage":0},{"vd_id":1676706,"visit_id":"V19041292","visit_code":"T9B       ","vd_value":1,"vd_date_saved":"2019-02-07T09:13:23.747","sp_sp":0,"sp_percentage":0},{"vd_id":1676744,"visit_id":"V19041445","visit_code":"T9B       ","vd_value":1,"vd_date_saved":"2019-02-07T09:19:08.1","sp_sp":0,"sp_percentage":0},{"vd_id":1676747,"visit_id":"V19041445","visit_code":"T21B      ","vd_value":1,"vd_date_saved":"2019-02-07T09:19:19.003","sp_sp":0,"sp_percentage":0},{"vd_id":1676779,"visit_id":"V19041358","visit_code":"T3        ","vd_value":1,"vd_date_saved":"2019-02-07T09:24:02.177","sp_sp":0,"sp_percentage":0},{"vd_id":1676780,"visit_id":"V19041413","visit_code":"T3        ","vd_value":1,"vd_date_saved":"2019-02-07T09:24:02.177","sp_sp":0,"sp_percentage":0},{"vd_id":1676783,"visit_id":"V19041358","visit_code":"T4        ","vd_value":1,"vd_date_saved":"2019-02-07T09:24:10.923","sp_sp":0,"sp_percentage":0},{"vd_id":1676784,"visit_id":"V19041413","visit_code":"T4        ","vd_value":1,"vd_date_saved":"2019-02-07T09:24:10.923","sp_sp":0,"sp_percentage":0},{"vd_id":1676787,"visit_id":"V19041358","visit_code":"U1        ","vd_value":1,"vd_date_saved":"2019-02-07T09:24:37.207","sp_sp":0,"sp_percentage":0},{"vd_id":1676788,"visit_id":"V19041413","visit_code":"U1        ","vd_value":1,"vd_date_saved":"2019-02-07T09:24:37.207","sp_sp":0,"sp_percentage":0},{"vd_id":1677687,"visit_id":"V19041405","visit_code":"T9B       ","vd_value":1,"vd_date_saved":"2019-02-07T18:08:56.353","sp_sp":0,"sp_percentage":0},{"vd_id":1677690,"visit_id":"V19041405","visit_code":"T21B      ","vd_value":1,"vd_date_saved":"2019-02-07T18:09:09.363","sp_sp":0,"sp_percentage":0},{"vd_id":1677693,"visit_id":"V19041405","visit_code":"T7        ","vd_value":1,"vd_date_saved":"2019-02-07T18:09:47.443","sp_sp":0,"sp_percentage":0},{"vd_id":1677696,"visit_id":"V19041199","visit_code":"T22B      ","vd_value":1,"vd_date_saved":"2019-02-07T18:10:09.553","sp_sp":0,"sp_percentage":0},{"vd_id":1677706,"visit_id":"V19041421","visit_code":"T3        ","vd_value":1,"vd_date_saved":"2019-02-07T18:11:41.98","sp_sp":0,"sp_percentage":0},{"vd_id":1677709,"visit_id":"V19041421","visit_code":"T10       ","vd_value":1,"vd_date_saved":"2019-02-07T18:11:55.6","sp_sp":0,"sp_percentage":0},{"vd_id":1677712,"visit_id":"V19041421","visit_code":"T7        ","vd_value":1,"vd_date_saved":"2019-02-07T18:12:08.297","sp_sp":0,"sp_percentage":0},{"vd_id":1677794,"visit_id":"V19041429","visit_code":"T3        ","vd_value":1,"vd_date_saved":"2019-02-07T18:24:52.88","sp_sp":0,"sp_percentage":0},{"vd_id":1677797,"visit_id":"V19041429","visit_code":"T6        ","vd_value":1,"vd_date_saved":"2019-02-07T18:25:03.377","sp_sp":0,"sp_percentage":0},{"vd_id":1677800,"visit_id":"V19041429","visit_code":"T7        ","vd_value":1,"vd_date_saved":"2019-02-07T18:25:25.113","sp_sp":0,"sp_percentage":0},{"vd_id":1677867,"visit_id":"V19041243","visit_code":"T22B      ","vd_value":1,"vd_date_saved":"2019-02-07T19:06:26.66","sp_sp":0,"sp_percentage":0},{"vd_id":1677870,"visit_id":"V19041243","visit_code":"T21B      ","vd_value":1,"vd_date_saved":"2019-02-07T19:06:38.267","sp_sp":0,"sp_percentage":0},{"vd_id":1677897,"visit_id":"V19041135","visit_code":"T21B      ","vd_value":1,"vd_date_saved":"2019-02-07T19:13:02.13","sp_sp":0,"sp_percentage":0},{"vd_id":1684199,"visit_id":"V19041381","visit_code":"T0        ","vd_value":1,"vd_date_saved":"2019-02-25T09:05:39.33","sp_sp":null,"sp_percentage":null},{"vd_id":1676751,"visit_id":"V19041445","visit_code":"T1B       ","vd_value":1,"vd_date_saved":"2019-02-07T09:19:46.84","sp_sp":0,"sp_percentage":0},{"vd_id":1676791,"visit_id":"V19041453","visit_code":"T3        ","vd_value":1,"vd_date_saved":"2019-02-07T09:24:53.61","sp_sp":0,"sp_percentage":0},{"vd_id":1676794,"visit_id":"V19041453","visit_code":"T1        ","vd_value":1,"vd_date_saved":"2019-02-07T09:25:13.91","sp_sp":0,"sp_percentage":0},{"vd_id":1676797,"visit_id":"V19041453","visit_code":"T7        ","vd_value":1,"vd_date_saved":"2019-02-07T09:25:34.947","sp_sp":0,"sp_percentage":0}]
