[{"vpt_id":192073,"vd_id":1677606,"topic_id":21,"vpt_feedback":1,"vpt_feedback_date":null},{"vpt_id":192076,"vd_id":1676812,"topic_id":45,"vpt_feedback":1,"vpt_feedback_date":null},{"vpt_id":192078,"vd_id":1676816,"topic_id":6,"vpt_feedback":1,"vpt_feedback_date":null},{"vpt_id":192079,"vd_id":1677589,"topic_id":22,"vpt_feedback":1,"vpt_feedback_date":null},{"vpt_id":192080,"vd_id":1677593,"topic_id":16,"vpt_feedback":1,"vpt_feedback_date":null},{"vpt_id":192082,"vd_id":1677600,"topic_id":6,"vpt_feedback":1,"vpt_feedback_date":null},{"vpt_id":192083,"vd_id":1676824,"topic_id":6,"vpt_feedback":1,"vpt_feedback_date":null},{"vpt_id":192089,"vd_id":1676844,"topic_id":21,"vpt_feedback":1,"vpt_feedback_date":null},{"vpt_id":192091,"vd_id":1676850,"topic_id":53,"vpt_feedback":1,"vpt_feedback_date":null},{"vpt_id":192096,"vd_id":1676862,"topic_id":16,"vpt_feedback":1,"vpt_feedback_date":null},{"vpt_id":192097,"vd_id":1676856,"topic_id":31,"vpt_feedback":1,"vpt_feedback_date":null},{"vpt_id":192159,"vd_id":1676833,"topic_id":22,"vpt_feedback":1,"vpt_feedback_date":null},{"vpt_id":192160,"vd_id":1677580,"topic_id":31,"vpt_feedback":3,"vpt_feedback_date":null},{"vpt_id":192161,"vd_id":1677665,"topic_id":21,"vpt_feedback":1,"vpt_feedback_date":null},{"vpt_id":192164,"vd_id":1677672,"topic_id":46,"vpt_feedback":1,"vpt_feedback_date":null},{"vpt_id":192195,"vd_id":1677768,"topic_id":11,"vpt_feedback":1,"vpt_feedback_date":null},{"vpt_id":192196,"vd_id":1677758,"topic_id":6,"vpt_feedback":1,"vpt_feedback_date":null},{"vpt_id":192197,"vd_id":1677746,"topic_id":22,"vpt_feedback":1,"vpt_feedback_date":null},{"vpt_id":192198,"vd_id":1677713,"topic_id":47,"vpt_feedback":1,"vpt_feedback_date":null},{"vpt_id":192199,"vd_id":1677719,"topic_id":54,"vpt_feedback":1,"vpt_feedback_date":null},{"vpt_id":192200,"vd_id":1677734,"topic_id":6,"vpt_feedback":1,"vpt_feedback_date":null},{"vpt_id":192201,"vd_id":1677725,"topic_id":45,"vpt_feedback":1,"vpt_feedback_date":null},{"vpt_id":192202,"vd_id":1677704,"topic_id":22,"vpt_feedback":1,"vpt_feedback_date":null},{"vpt_id":192203,"vd_id":1677686,"topic_id":45,"vpt_feedback":1,"vpt_feedback_date":null},{"vpt_id":192750,"vd_id":1677661,"topic_id":11,"vpt_feedback":1,"vpt_feedback_date":null},{"vpt_id":192751,"vd_id":1677676,"topic_id":21,"vpt_feedback":1,"vpt_feedback_date":null},{"vpt_id":192752,"vd_id":1677684,"topic_id":54,"vpt_feedback":1,"vpt_feedback_date":null},{"vpt_id":192754,"vd_id":1677639,"topic_id":1,"vpt_feedback":1,"vpt_feedback_date":null},{"vpt_id":193591,"vd_id":1677764,"topic_id":6,"vpt_feedback":1,"vpt_feedback_date":null},{"vpt_id":193593,"vd_id":1677643,"topic_id":6,"vpt_feedback":1,"vpt_feedback_date":null},{"vpt_id":193598,"vd_id":1677767,"topic_id":6,"vpt_feedback":1,"vpt_feedback_date":null},{"vpt_id":193600,"vd_id":1676757,"topic_id":54,"vpt_feedback":1,"vpt_feedback_date":null},{"vpt_id":193604,"vd_id":1676714,"topic_id":16,"vpt_feedback":1,"vpt_feedback_date":null},{"vpt_id":193606,"vd_id":1677781,"topic_id":45,"vpt_feedback":1,"vpt_feedback_date":null},{"vpt_id":193607,"vd_id":1677792,"topic_id":21,"vpt_feedback":1,"vpt_feedback_date":null},{"vpt_id":193608,"vd_id":1677778,"topic_id":21,"vpt_feedback":1,"vpt_feedback_date":null},{"vpt_id":194260,"vd_id":1677623,"topic_id":22,"vpt_feedback":1,"vpt_feedback_date":null},{"vpt_id":194262,"vd_id":1676732,"topic_id":1,"vpt_feedback":1,"vpt_feedback_date":null},{"vpt_id":194264,"vd_id":1676778,"topic_id":21,"vpt_feedback":1,"vpt_feedback_date":null},{"vpt_id":194269,"vd_id":1677607,"topic_id":22,"vpt_feedback":1,"vpt_feedback_date":null},{"vpt_id":194273,"vd_id":1676426,"topic_id":45,"vpt_feedback":1,"vpt_feedback_date":null},{"vpt_id":194276,"vd_id":1676866,"topic_id":1,"vpt_feedback":1,"vpt_feedback_date":null},{"vpt_id":194277,"vd_id":1676860,"topic_id":22,"vpt_feedback":1,"vpt_feedback_date":null},{"vpt_id":194278,"vd_id":1677836,"topic_id":21,"vpt_feedback":1,"vpt_feedback_date":null},{"vpt_id":194280,"vd_id":1677845,"topic_id":32,"vpt_feedback":1,"vpt_feedback_date":null},{"vpt_id":194286,"vd_id":1676813,"topic_id":45,"vpt_feedback":1,"vpt_feedback_date":null},{"vpt_id":194287,"vd_id":1677705,"topic_id":22,"vpt_feedback":1,"vpt_feedback_date":null},{"vpt_id":194288,"vd_id":1676845,"topic_id":21,"vpt_feedback":3,"vpt_feedback_date":null},{"vpt_id":194289,"vd_id":1677590,"topic_id":21,"vpt_feedback":1,"vpt_feedback_date":null},{"vpt_id":194290,"vd_id":1677750,"topic_id":16,"vpt_feedback":3,"vpt_feedback_date":null},{"vpt_id":194291,"vd_id":1677753,"topic_id":54,"vpt_feedback":1,"vpt_feedback_date":null},{"vpt_id":197046,"vd_id":1677801,"topic_id":46,"vpt_feedback":1,"vpt_feedback_date":null},{"vpt_id":197049,"vd_id":1677790,"topic_id":6,"vpt_feedback":1,"vpt_feedback_date":null},{"vpt_id":197052,"vd_id":1677810,"topic_id":31,"vpt_feedback":1,"vpt_feedback_date":null},{"vpt_id":197054,"vd_id":1677696,"topic_id":6,"vpt_feedback":1,"vpt_feedback_date":null},{"vpt_id":197061,"vd_id":1677846,"topic_id":45,"vpt_feedback":1,"vpt_feedback_date":null},{"vpt_id":197064,"vd_id":1677634,"topic_id":46,"vpt_feedback":1,"vpt_feedback_date":null},{"vpt_id":197066,"vd_id":1677861,"topic_id":21,"vpt_feedback":1,"vpt_feedback_date":null},{"vpt_id":197067,"vd_id":1677867,"topic_id":6,"vpt_feedback":1,"vpt_feedback_date":null},{"vpt_id":198298,"vd_id":1677572,"topic_id":6,"vpt_feedback":1,"vpt_feedback_date":null},{"vpt_id":198299,"vd_id":1676799,"topic_id":1,"vpt_feedback":1,"vpt_feedback_date":null},{"vpt_id":200577,"vd_id":1677701,"topic_id":6,"vpt_feedback":1,"vpt_feedback_date":null},{"vpt_id":200578,"vd_id":1677699,"topic_id":31,"vpt_feedback":1,"vpt_feedback_date":null},{"vpt_id":200579,"vd_id":1677675,"topic_id":53,"vpt_feedback":1,"vpt_feedback_date":null},{"vpt_id":200580,"vd_id":1677681,"topic_id":21,"vpt_feedback":1,"vpt_feedback_date":null},{"vpt_id":200581,"vd_id":1676669,"topic_id":11,"vpt_feedback":1,"vpt_feedback_date":null},{"vpt_id":200582,"vd_id":1676456,"topic_id":11,"vpt_feedback":1,"vpt_feedback_date":null},{"vpt_id":200583,"vd_id":1677714,"topic_id":46,"vpt_feedback":1,"vpt_feedback_date":null},{"vpt_id":200584,"vd_id":1677735,"topic_id":6,"vpt_feedback":1,"vpt_feedback_date":null},{"vpt_id":200585,"vd_id":1676689,"topic_id":31,"vpt_feedback":1,"vpt_feedback_date":null},{"vpt_id":200586,"vd_id":1676805,"topic_id":6,"vpt_feedback":1,"vpt_feedback_date":null},{"vpt_id":200587,"vd_id":1676706,"topic_id":45,"vpt_feedback":1,"vpt_feedback_date":null},{"vpt_id":200588,"vd_id":1676694,"topic_id":45,"vpt_feedback":1,"vpt_feedback_date":null},{"vpt_id":200589,"vd_id":1676444,"topic_id":46,"vpt_feedback":1,"vpt_feedback_date":null},{"vpt_id":200590,"vd_id":1676441,"topic_id":26,"vpt_feedback":1,"vpt_feedback_date":null},{"vpt_id":200591,"vd_id":1676769,"topic_id":31,"vpt_feedback":1,"vpt_feedback_date":null},{"vpt_id":200592,"vd_id":1676746,"topic_id":6,"vpt_feedback":1,"vpt_feedback_date":null},{"vpt_id":200593,"vd_id":1676710,"topic_id":21,"vpt_feedback":1,"vpt_feedback_date":null},{"vpt_id":200595,"vd_id":1677765,"topic_id":11,"vpt_feedback":1,"vpt_feedback_date":null},{"vpt_id":200596,"vd_id":1676758,"topic_id":54,"vpt_feedback":1,"vpt_feedback_date":null},{"vpt_id":200597,"vd_id":1676779,"topic_id":21,"vpt_feedback":1,"vpt_feedback_date":null},{"vpt_id":200598,"vd_id":1677726,"topic_id":45,"vpt_feedback":1,"vpt_feedback_date":null},{"vpt_id":200599,"vd_id":1677759,"topic_id":6,"vpt_feedback":1,"vpt_feedback_date":null},{"vpt_id":200600,"vd_id":1677624,"topic_id":21,"vpt_feedback":1,"vpt_feedback_date":null},{"vpt_id":200601,"vd_id":1677769,"topic_id":7,"vpt_feedback":1,"vpt_feedback_date":null},{"vpt_id":201084,"vd_id":1677802,"topic_id":46,"vpt_feedback":1,"vpt_feedback_date":null},{"vpt_id":201092,"vd_id":1677793,"topic_id":21,"vpt_feedback":1,"vpt_feedback_date":null},{"vpt_id":201103,"vd_id":1677782,"topic_id":46,"vpt_feedback":1,"vpt_feedback_date":null},{"vpt_id":201166,"vd_id":1677578,"topic_id":21,"vpt_feedback":1,"vpt_feedback_date":null},{"vpt_id":201171,"vd_id":1677779,"topic_id":21,"vpt_feedback":1,"vpt_feedback_date":null},{"vpt_id":201184,"vd_id":1677791,"topic_id":11,"vpt_feedback":1,"vpt_feedback_date":null},{"vpt_id":201186,"vd_id":1677840,"topic_id":27,"vpt_feedback":1,"vpt_feedback_date":null},{"vpt_id":201187,"vd_id":1677612,"topic_id":16,"vpt_feedback":1,"vpt_feedback_date":null},{"vpt_id":201190,"vd_id":1677862,"topic_id":21,"vpt_feedback":1,"vpt_feedback_date":null},{"vpt_id":201191,"vd_id":1677822,"topic_id":2,"vpt_feedback":1,"vpt_feedback_date":null},{"vpt_id":201218,"vd_id":1677882,"topic_id":21,"vpt_feedback":1,"vpt_feedback_date":null},{"vpt_id":201223,"vd_id":1677879,"topic_id":11,"vpt_feedback":1,"vpt_feedback_date":null},{"vpt_id":201239,"vd_id":1676445,"topic_id":46,"vpt_feedback":1,"vpt_feedback_date":null},{"vpt_id":201247,"vd_id":1677715,"topic_id":46,"vpt_feedback":1,"vpt_feedback_date":null},{"vpt_id":201253,"vd_id":1676460,"topic_id":2,"vpt_feedback":1,"vpt_feedback_date":null},{"vpt_id":201259,"vd_id":1677687,"topic_id":45,"vpt_feedback":1,"vpt_feedback_date":null},{"vpt_id":201266,"vd_id":1677850,"topic_id":45,"vpt_feedback":1,"vpt_feedback_date":null},{"vpt_id":201270,"vd_id":1676707,"topic_id":45,"vpt_feedback":1,"vpt_feedback_date":null},{"vpt_id":201273,"vd_id":1676818,"topic_id":6,"vpt_feedback":1,"vpt_feedback_date":null},{"vpt_id":201279,"vd_id":1676695,"topic_id":45,"vpt_feedback":1,"vpt_feedback_date":null},{"vpt_id":205830,"vd_id":1676806,"topic_id":6,"vpt_feedback":1,"vpt_feedback_date":null},{"vpt_id":205835,"vd_id":1676834,"topic_id":21,"vpt_feedback":1,"vpt_feedback_date":null},{"vpt_id":205836,"vd_id":1677660,"topic_id":16,"vpt_feedback":1,"vpt_feedback_date":null},{"vpt_id":205845,"vd_id":1677876,"topic_id":6,"vpt_feedback":1,"vpt_feedback_date":null},{"vpt_id":205848,"vd_id":1677885,"topic_id":11,"vpt_feedback":1,"vpt_feedback_date":null},{"vpt_id":205851,"vd_id":1677880,"topic_id":6,"vpt_feedback":1,"vpt_feedback_date":null},{"vpt_id":205853,"vd_id":1677874,"topic_id":6,"vpt_feedback":1,"vpt_feedback_date":null},{"vpt_id":205854,"vd_id":1676670,"topic_id":13,"vpt_feedback":1,"vpt_feedback_date":null},{"vpt_id":205855,"vd_id":1677770,"topic_id":6,"vpt_feedback":1,"vpt_feedback_date":null},{"vpt_id":205858,"vd_id":1677736,"topic_id":6,"vpt_feedback":1,"vpt_feedback_date":null},{"vpt_id":205860,"vd_id":1676864,"topic_id":16,"vpt_feedback":1,"vpt_feedback_date":null},{"vpt_id":205863,"vd_id":1676759,"topic_id":53,"vpt_feedback":1,"vpt_feedback_date":null},{"vpt_id":206395,"vd_id":1677794,"topic_id":21,"vpt_feedback":1,"vpt_feedback_date":null},{"vpt_id":206397,"vd_id":1677783,"topic_id":45,"vpt_feedback":1,"vpt_feedback_date":null},{"vpt_id":206399,"vd_id":1677754,"topic_id":53,"vpt_feedback":1,"vpt_feedback_date":null},{"vpt_id":206400,"vd_id":1677706,"topic_id":21,"vpt_feedback":1,"vpt_feedback_date":null},{"vpt_id":206402,"vd_id":1677760,"topic_id":6,"vpt_feedback":1,"vpt_feedback_date":null},{"vpt_id":206403,"vd_id":1677730,"topic_id":53,"vpt_feedback":1,"vpt_feedback_date":null},{"vpt_id":206404,"vd_id":1676738,"topic_id":6,"vpt_feedback":1,"vpt_feedback_date":null},{"vpt_id":206405,"vd_id":1676780,"topic_id":21,"vpt_feedback":1,"vpt_feedback_date":null},{"vpt_id":206406,"vd_id":1676711,"topic_id":21,"vpt_feedback":1,"vpt_feedback_date":null},{"vpt_id":206410,"vd_id":1677596,"topic_id":16,"vpt_feedback":1,"vpt_feedback_date":null},{"vpt_id":206411,"vd_id":1677841,"topic_id":26,"vpt_feedback":1,"vpt_feedback_date":null},{"vpt_id":206412,"vd_id":1677780,"topic_id":21,"vpt_feedback":1,"vpt_feedback_date":null},{"vpt_id":206413,"vd_id":1676846,"topic_id":21,"vpt_feedback":1,"vpt_feedback_date":null},{"vpt_id":206414,"vd_id":1677579,"topic_id":21,"vpt_feedback":1,"vpt_feedback_date":null},{"vpt_id":206415,"vd_id":1677817,"topic_id":53,"vpt_feedback":1,"vpt_feedback_date":null},{"vpt_id":206416,"vd_id":1676807,"topic_id":6,"vpt_feedback":1,"vpt_feedback_date":null},{"vpt_id":206417,"vd_id":1676815,"topic_id":45,"vpt_feedback":1,"vpt_feedback_date":null},{"vpt_id":206418,"vd_id":1677617,"topic_id":53,"vpt_feedback":1,"vpt_feedback_date":null},{"vpt_id":206423,"vd_id":1676446,"topic_id":45,"vpt_feedback":1,"vpt_feedback_date":null},{"vpt_id":206424,"vd_id":1676826,"topic_id":6,"vpt_feedback":1,"vpt_feedback_date":null},{"vpt_id":206448,"vd_id":1677826,"topic_id":6,"vpt_feedback":1,"vpt_feedback_date":null},{"vpt_id":206451,"vd_id":1677835,"topic_id":6,"vpt_feedback":1,"vpt_feedback_date":null},{"vpt_id":206454,"vd_id":1677602,"topic_id":6,"vpt_feedback":1,"vpt_feedback_date":null},{"vpt_id":206456,"vd_id":1676427,"topic_id":45,"vpt_feedback":1,"vpt_feedback_date":null},{"vpt_id":206459,"vd_id":1677806,"topic_id":45,"vpt_feedback":1,"vpt_feedback_date":null},{"vpt_id":206461,"vd_id":1677688,"topic_id":45,"vpt_feedback":1,"vpt_feedback_date":null},{"vpt_id":206462,"vd_id":1677868,"topic_id":11,"vpt_feedback":1,"vpt_feedback_date":null},{"vpt_id":206463,"vd_id":1677863,"topic_id":21,"vpt_feedback":1,"vpt_feedback_date":null},{"vpt_id":206467,"vd_id":1677854,"topic_id":6,"vpt_feedback":1,"vpt_feedback_date":null},{"vpt_id":206469,"vd_id":1677635,"topic_id":45,"vpt_feedback":1,"vpt_feedback_date":null},{"vpt_id":206471,"vd_id":1676800,"topic_id":1,"vpt_feedback":1,"vpt_feedback_date":null},{"vpt_id":206474,"vd_id":1677766,"topic_id":11,"vpt_feedback":1,"vpt_feedback_date":null},{"vpt_id":206477,"vd_id":1676744,"topic_id":46,"vpt_feedback":1,"vpt_feedback_date":null}]
