[{"bo_id":10,"bo_code":"111       ","reg_id":1,"bo_description":"","bo_address":"","bo_sequence_code":3,"bo_am":"90.04     ","bo_status":1,"bo_area":null},{"bo_id":11,"bo_code":"222       ","reg_id":2,"bo_description":"","bo_address":"","bo_sequence_code":7,"bo_am":"03.18     ","bo_status":1,"bo_area":null},{"bo_id":12,"bo_code":"333       ","reg_id":3,"bo_description":"","bo_address":"","bo_sequence_code":6,"bo_am":"01.12     ","bo_status":1,"bo_area":null},{"bo_id":13,"bo_code":"444       ","reg_id":4,"bo_description":"","bo_address":"","bo_sequence_code":6,"bo_am":"89.13     ","bo_status":1,"bo_area":null},{"bo_id":14,"bo_code":"BD1       ","reg_id":3,"bo_description":"BD1","bo_address":"Bandung 1","bo_sequence_code":1,"bo_am":"10.46     ","bo_status":0,"bo_area":null},{"bo_id":15,"bo_code":"BD2       ","reg_id":3,"bo_description":"BD2","bo_address":"","bo_sequence_code":2,"bo_am":null,"bo_status":0,"bo_area":null},{"bo_id":16,"bo_code":"BIO       ","reg_id":5,"bo_description":"Biological Department","bo_address":"","bo_sequence_code":1,"bo_am":"10.36     ","bo_status":0,"bo_area":null},{"bo_id":17,"bo_code":"BIOD      ","reg_id":5,"bo_description":"Biological Dept","bo_address":"HO","bo_sequence_code":0,"bo_am":"          ","bo_status":0,"bo_area":null},{"bo_id":19,"bo_code":"BMS       ","reg_id":4,"bo_description":"BMS","bo_address":"","bo_sequence_code":3,"bo_am":"04.16     ","bo_status":1,"bo_area":null},{"bo_id":20,"bo_code":"BSD       ","reg_id":6,"bo_description":"BSD D","bo_address":"","bo_sequence_code":0,"bo_am":"07.25     ","bo_status":0,"bo_area":null},{"bo_id":21,"bo_code":"DMIS      ","reg_id":6,"bo_description":"Distribution & Marketing Information System","bo_address":"HO","bo_sequence_code":1,"bo_am":"12.51     ","bo_status":1,"bo_area":null},{"bo_id":22,"bo_code":"HO        ","reg_id":7,"bo_description":"Head Office","bo_address":"Head Office","bo_sequence_code":3,"bo_am":"98.30     ","bo_status":0,"bo_area":null},{"bo_id":23,"bo_code":"HRGA      ","reg_id":8,"bo_description":"HRGA Dept","bo_address":null,"bo_sequence_code":0,"bo_am":"88.21     ","bo_status":1,"bo_area":null},{"bo_id":24,"bo_code":"ITD       ","reg_id":9,"bo_description":"IT Dept","bo_address":"HO","bo_sequence_code":0,"bo_am":"92.01     ","bo_status":1,"bo_area":null},{"bo_id":25,"bo_code":"JK1       ","reg_id":2,"bo_description":"Jakarta 1","bo_address":"","bo_sequence_code":1,"bo_am":"06.14     ","bo_status":0,"bo_area":null},{"bo_id":26,"bo_code":"JK2       ","reg_id":3,"bo_description":"Jakarta 2","bo_address":"","bo_sequence_code":2,"bo_am":"07.26     ","bo_status":0,"bo_area":null},{"bo_id":27,"bo_code":"JK3       ","reg_id":2,"bo_description":"Jakarta 3","bo_address":"","bo_sequence_code":4,"bo_am":"10.42     ","bo_status":0,"bo_area":null},{"bo_id":28,"bo_code":"JK4       ","reg_id":2,"bo_description":"Jakarta 4","bo_address":"","bo_sequence_code":5,"bo_am":"99.22     ","bo_status":0,"bo_area":null},{"bo_id":29,"bo_code":"JK5       ","reg_id":11,"bo_description":"Jakarta 5","bo_address":"","bo_sequence_code":null,"bo_am":"89.08     ","bo_status":0,"bo_area":null},{"bo_id":30,"bo_code":"JK7       ","reg_id":3,"bo_description":"Jakarta 7","bo_address":"","bo_sequence_code":2,"bo_am":"99.22     ","bo_status":0,"bo_area":null},{"bo_id":31,"bo_code":"JK8       ","reg_id":3,"bo_description":"Jakarta 8","bo_address":"","bo_sequence_code":null,"bo_am":"99.22     ","bo_status":0,"bo_area":null},{"bo_id":32,"bo_code":"JK9       ","reg_id":3,"bo_description":"Jakarta 9","bo_address":"","bo_sequence_code":null,"bo_am":"99.22     ","bo_status":0,"bo_area":null},{"bo_id":33,"bo_code":"KAE1      ","reg_id":3,"bo_description":"Key Account executive 1","bo_address":"","bo_sequence_code":0,"bo_am":"89.08     ","bo_status":0,"bo_area":null},{"bo_id":34,"bo_code":"KAE2      ","reg_id":3,"bo_description":"Key Account Executive 2","bo_address":"","bo_sequence_code":0,"bo_am":"96.24     ","bo_status":0,"bo_area":null},{"bo_id":35,"bo_code":"KAE3      ","reg_id":14,"bo_description":"Key Account Executive 3","bo_address":"","bo_sequence_code":0,"bo_am":"96.24     ","bo_status":0,"bo_area":null},{"bo_id":36,"bo_code":"KAEC1     ","reg_id":14,"bo_description":"Key Account Executive Central 1","bo_address":"","bo_sequence_code":6,"bo_am":"00.01     ","bo_status":0,"bo_area":null},{"bo_id":37,"bo_code":"KAEE1     ","reg_id":14,"bo_description":"Key Account Executive East 1","bo_address":"","bo_sequence_code":4,"bo_am":"11.35     ","bo_status":0,"bo_area":null},{"bo_id":38,"bo_code":"KAEE2     ","reg_id":14,"bo_description":"Key Account Executive East 2 ","bo_address":"","bo_sequence_code":5,"bo_am":"87.14     ","bo_status":0,"bo_area":null},{"bo_id":39,"bo_code":"KAMC      ","reg_id":14,"bo_description":"KAM Central","bo_address":"","bo_sequence_code":8,"bo_am":"50.81     ","bo_status":0,"bo_area":null},{"bo_id":40,"bo_code":"KAME      ","reg_id":4,"bo_description":"KAM East","bo_address":"-","bo_sequence_code":7,"bo_am":"87.14     ","bo_status":1,"bo_area":null},{"bo_id":41,"bo_code":"KAMW      ","reg_id":14,"bo_description":"KAM West","bo_address":"-","bo_sequence_code":6,"bo_am":"00.17     ","bo_status":1,"bo_area":null},{"bo_id":42,"bo_code":"MDN       ","reg_id":1,"bo_description":"Medan","bo_address":"","bo_sequence_code":1,"bo_am":"02.08     ","bo_status":1,"bo_area":null},{"bo_id":43,"bo_code":"MKS       ","reg_id":4,"bo_description":"Makasar","bo_address":"","bo_sequence_code":1,"bo_am":"05.31     ","bo_status":1,"bo_area":null},{"bo_id":44,"bo_code":"MLG       ","reg_id":4,"bo_description":"Malang","bo_address":"","bo_sequence_code":2,"bo_am":"98.05     ","bo_status":1,"bo_area":null},{"bo_id":45,"bo_code":"MSHQ      ","reg_id":12,"bo_description":"MSHQ","bo_address":null,"bo_sequence_code":0,"bo_am":"15.06     ","bo_status":1,"bo_area":null},{"bo_id":46,"bo_code":"PKAD      ","reg_id":14,"bo_description":"Performance Dept","bo_address":null,"bo_sequence_code":0,"bo_am":"92.09     ","bo_status":1,"bo_area":null},{"bo_id":47,"bo_code":"PKU       ","reg_id":1,"bo_description":"Pekanbaru","bo_address":"","bo_sequence_code":2,"bo_am":"02.06     ","bo_status":1,"bo_area":null},{"bo_id":48,"bo_code":"PLG       ","reg_id":1,"bo_description":"Palembang","bo_address":"","bo_sequence_code":1,"bo_am":"02.05     ","bo_status":1,"bo_area":null},{"bo_id":49,"bo_code":"PM        ","reg_id":15,"bo_description":"Product Manager","bo_address":"","bo_sequence_code":0,"bo_am":"06.12     ","bo_status":0,"bo_area":null},{"bo_id":50,"bo_code":"PMD       ","reg_id":21,"bo_description":"Product Manager Dept","bo_address":"HO","bo_sequence_code":0,"bo_am":"98.30     ","bo_status":0,"bo_area":null},{"bo_id":51,"bo_code":"PWK       ","reg_id":2,"bo_description":"Purwokerto","bo_address":"","bo_sequence_code":3,"bo_am":"90.02     ","bo_status":0,"bo_area":null},{"bo_id":52,"bo_code":"R-1       ","reg_id":1,"bo_description":"Regional 1 Dept","bo_address":null,"bo_sequence_code":0,"bo_am":"90.04     ","bo_status":1,"bo_area":null},{"bo_id":53,"bo_code":"R-2       ","reg_id":2,"bo_description":"Regional 2 Dept","bo_address":null,"bo_sequence_code":0,"bo_am":"03.18     ","bo_status":1,"bo_area":null},{"bo_id":54,"bo_code":"R-3       ","reg_id":3,"bo_description":"Regional 3 Dept","bo_address":null,"bo_sequence_code":0,"bo_am":"01.12     ","bo_status":1,"bo_area":null},{"bo_id":55,"bo_code":"R-4       ","reg_id":4,"bo_description":"Regional 4 Dept","bo_address":null,"bo_sequence_code":0,"bo_am":"89.13     ","bo_status":1,"bo_area":null},{"bo_id":56,"bo_code":"SAS       ","reg_id":6,"bo_description":"Sales Analys System","bo_address":"HO","bo_sequence_code":0,"bo_am":"09.31     ","bo_status":1,"bo_area":null},{"bo_id":57,"bo_code":"SB1       ","reg_id":4,"bo_description":"SB1","bo_address":"","bo_sequence_code":3,"bo_am":"90.10     ","bo_status":1,"bo_area":null},{"bo_id":58,"bo_code":"SB2       ","reg_id":4,"bo_description":"SB2","bo_address":"","bo_sequence_code":4,"bo_am":"90.08     ","bo_status":1,"bo_area":null},{"bo_id":59,"bo_code":"SB3       ","reg_id":4,"bo_description":"SB3","bo_address":"","bo_sequence_code":5,"bo_am":"03.09     ","bo_status":1,"bo_area":null},{"bo_id":60,"bo_code":"SBY       ","reg_id":4,"bo_description":"SBY","bo_address":"","bo_sequence_code":7,"bo_am":"89.13     ","bo_status":1,"bo_area":null},{"bo_id":61,"bo_code":"SMC1      ","reg_id":16,"bo_description":"SMC1","bo_address":"","bo_sequence_code":0,"bo_am":"01.13     ","bo_status":0,"bo_area":null},{"bo_id":62,"bo_code":"SMG       ","reg_id":2,"bo_description":"Semarang","bo_address":null,"bo_sequence_code":4,"bo_am":"91.19     ","bo_status":1,"bo_area":null},{"bo_id":63,"bo_code":"SOL       ","reg_id":2,"bo_description":"Solo","bo_address":"","bo_sequence_code":5,"bo_am":"00.01     ","bo_status":1,"bo_area":null},{"bo_id":64,"bo_code":"TGR       ","reg_id":3,"bo_description":"Tanggerang","bo_address":"","bo_sequence_code":5,"bo_am":"07.22     ","bo_status":1,"bo_area":null},{"bo_id":65,"bo_code":"YOG       ","reg_id":2,"bo_description":"Yogyakarta","bo_address":null,"bo_sequence_code":6,"bo_am":"90.02     ","bo_status":1,"bo_area":null},{"bo_id":66,"bo_code":"BKS       ","reg_id":3,"bo_description":"BO Bekasi","bo_address":"Bekasi","bo_sequence_code":8,"bo_am":"05.05     ","bo_status":1,"bo_area":null},{"bo_id":67,"bo_code":"SMC       ","reg_id":16,"bo_description":"SMC","bo_address":"HO","bo_sequence_code":1,"bo_am":null,"bo_status":1,"bo_area":null},{"bo_id":68,"bo_code":"NSD       ","reg_id":13,"bo_description":"NSD","bo_address":"HO","bo_sequence_code":0,"bo_am":"98.30     ","bo_status":0,"bo_area":null},{"bo_id":69,"bo_code":"CD        ","reg_id":18,"bo_description":"Compliance Dept","bo_address":"","bo_sequence_code":null,"bo_am":"01.13     ","bo_status":1,"bo_area":null},{"bo_id":70,"bo_code":"SA        ","reg_id":19,"bo_description":"Sales Admin","bo_address":"HO","bo_sequence_code":2,"bo_am":"91.26     ","bo_status":1,"bo_area":null},{"bo_id":71,"bo_code":"BSD       ","reg_id":19,"bo_description":"BSD Dept","bo_address":"","bo_sequence_code":0,"bo_am":"06.12     ","bo_status":1,"bo_area":null},{"bo_id":72,"bo_code":"BIO       ","reg_id":23,"bo_description":"BIO-AM","bo_address":"BIO AM","bo_sequence_code":0,"bo_am":"10.36     ","bo_status":1,"bo_area":null},{"bo_id":73,"bo_code":"HO        ","reg_id":24,"bo_description":"HO19","bo_address":"HO","bo_sequence_code":0,"bo_am":"15.06     ","bo_status":1,"bo_area":null},{"bo_id":74,"bo_code":"NSD       ","reg_id":22,"bo_description":"NSM","bo_address":"NSM","bo_sequence_code":null,"bo_am":"15.06     ","bo_status":1,"bo_area":null},{"bo_id":75,"bo_code":"PM        ","reg_id":21,"bo_description":"PMD","bo_address":"PMD","bo_sequence_code":0,"bo_am":"98.30     ","bo_status":1,"bo_area":null},{"bo_id":76,"bo_code":"ADHQ      ","reg_id":25,"bo_description":"ADHQ Department","bo_address":"","bo_sequence_code":null,"bo_am":"98.25     ","bo_status":1,"bo_area":null},{"bo_id":77,"bo_code":"KAE1      ","reg_id":3,"bo_description":"KAE","bo_address":"HO","bo_sequence_code":9,"bo_am":"89.08     ","bo_status":1,"bo_area":null},{"bo_id":78,"bo_code":"ANS       ","reg_id":26,"bo_description":"ANS-AM","bo_address":"ANS AM","bo_sequence_code":0,"bo_am":"06.14     ","bo_status":0,"bo_area":null},{"bo_id":79,"bo_code":"ANS       ","reg_id":26,"bo_description":"ANS-AM","bo_address":"ANS AM","bo_sequence_code":0,"bo_am":"06.14     ","bo_status":1,"bo_area":null},{"bo_id":80,"bo_code":"JK2       ","reg_id":3,"bo_description":"Jakarta 2","bo_address":"Jakarta","bo_sequence_code":10,"bo_am":"13.23     ","bo_status":1,"bo_area":null},{"bo_id":81,"bo_code":"JK1       ","reg_id":2,"bo_description":"Jakarta 1 Ar","bo_address":"Jakarta","bo_sequence_code":8,"bo_am":"09.34     ","bo_status":1,"bo_area":null},{"bo_id":82,"bo_code":"BD1       ","reg_id":3,"bo_description":"Bandung 1","bo_address":"Bandung","bo_sequence_code":11,"bo_am":"09.14     ","bo_status":1,"bo_area":null}]
