[{"reg_id":1,"reg_code":"R-1       ","reg_description":"Regional Satu","reg_functionary":"90.04     ","reg_sequence_code":1,"reg_status":1},{"reg_id":2,"reg_code":"R-2       ","reg_description":"Regional Dua","reg_functionary":"03.18     ","reg_sequence_code":2,"reg_status":1},{"reg_id":3,"reg_code":"R-3       ","reg_description":"Regional Tiga","reg_functionary":"01.12     ","reg_sequence_code":3,"reg_status":1},{"reg_id":4,"reg_code":"R-4       ","reg_description":"Regional Empat","reg_functionary":"89.13     ","reg_sequence_code":4,"reg_status":1},{"reg_id":5,"reg_code":"BIOD      ","reg_description":"Biological Department","reg_functionary":"98.30     ","reg_sequence_code":8,"reg_status":0},{"reg_id":6,"reg_code":"BSD       ","reg_description":"Business Support Department","reg_functionary":"07.25     ","reg_sequence_code":0,"reg_status":0},{"reg_id":7,"reg_code":"HO        ","reg_description":"Head Office","reg_functionary":"98.30     ","reg_sequence_code":10,"reg_status":0},{"reg_id":8,"reg_code":"HRGA      ","reg_description":"Human Resource & General Affairs Dept","reg_functionary":"88.21     ","reg_sequence_code":0,"reg_status":0},{"reg_id":9,"reg_code":"ITD       ","reg_description":"Information Technology Department","reg_functionary":"92.01     ","reg_sequence_code":0,"reg_status":1},{"reg_id":10,"reg_code":"KAME      ","reg_description":"Key Account Management East","reg_functionary":"89.13     ","reg_sequence_code":null,"reg_status":0},{"reg_id":11,"reg_code":"KAMW      ","reg_description":"Key Account Management West","reg_functionary":"92.09     ","reg_sequence_code":null,"reg_status":0},{"reg_id":12,"reg_code":"MSHQ      ","reg_description":"Marketing Sales Headquarter","reg_functionary":"15.06     ","reg_sequence_code":0,"reg_status":1},{"reg_id":13,"reg_code":"NSD       ","reg_description":"\tNational Sales Department","reg_functionary":"98.30     ","reg_sequence_code":0,"reg_status":0},{"reg_id":14,"reg_code":"PKAD      ","reg_description":"Performance & Key Account Department","reg_functionary":"92.09     ","reg_sequence_code":5,"reg_status":1},{"reg_id":15,"reg_code":"PMD       ","reg_description":"Product Management Department","reg_functionary":"06.12     ","reg_sequence_code":7,"reg_status":0},{"reg_id":16,"reg_code":"SMC       ","reg_description":"Sales & Marketing Compliance Department","reg_functionary":"01.13     ","reg_sequence_code":0,"reg_status":0},{"reg_id":18,"reg_code":"CD        ","reg_description":"Compliance Department","reg_functionary":"01.13     ","reg_sequence_code":11,"reg_status":0},{"reg_id":19,"reg_code":"BSD       ","reg_description":"Business Support Department","reg_functionary":"06.12     ","reg_sequence_code":12,"reg_status":1},{"reg_id":20,"reg_code":"HRGA      ","reg_description":"Human Resource & General Affairs Dept","reg_functionary":"07.25     ","reg_sequence_code":13,"reg_status":1},{"reg_id":21,"reg_code":"PMD       ","reg_description":"PMD","reg_functionary":"98.30     ","reg_sequence_code":14,"reg_status":1},{"reg_id":22,"reg_code":"NSD       ","reg_description":"National Sales Department","reg_functionary":"15.06     ","reg_sequence_code":15,"reg_status":1},{"reg_id":23,"reg_code":"BIOD      ","reg_description":"Biological Department","reg_functionary":"15.06     ","reg_sequence_code":16,"reg_status":1},{"reg_id":24,"reg_code":"HO        ","reg_description":"Head Office","reg_functionary":"15.06     ","reg_sequence_code":17,"reg_status":1},{"reg_id":25,"reg_code":"ADHQ      ","reg_description":"ADHQ Department","reg_functionary":"98.25     ","reg_sequence_code":18,"reg_status":1},{"reg_id":26,"reg_code":"ANSD      ","reg_description":"Anasthesi Department","reg_functionary":"15.06     ","reg_sequence_code":19,"reg_status":1}]
