[{"Nomor_Induk":"12.36","Nama":"Junianto","Title":null,"TitelBelakang":"A.Md","Nomor_Astek":"12017749933","Jenis_Kelamin":"Laki-laki","Tempat_Lahir":"Bogor","Tanggal_Lahir":"1981-06-01T00:00:00","Alamat":"Bantarkemang RT 003 RW 013 Kel. Baranangsiang Kec. Kota Bogor Timur Kota Bogor Prov. Jawa Barat (2017)","Alamat2":"Baranangsiang Indah No. 13 RT 003 RW 013 Kel. Baranangsiang Kec. Bogor Timur, Bogor","Nomor_Telepon":"0251-8360736","Agama":"Islam","Pendidikan":"Higiene Makanan","Tanggal_Kerja":"2012-05-01T00:00:00","Tanggal_Diangkat":"2012-08-01T00:00:00","Tanggal_Keluar":null,"Kode_Jabatan":"2MR","Kode_Departemen":"R-3","Nama_Seksi":"Area Bekasi","Nama_Cabang":"R-III Bogor","Status":"Nikah","Nama_Pasangan":null,"Foto":"Junianto.jpg","Nama_Ibu":"Minah","Nama_Bapak":"Ahmad","Nomor_KTP":"3271020106810005","Alasan_Keluar":null,"Status_Kerja":"Karyawan tetap","Tinggi_Badan":null,"Berat_Badan":null,"Golongan_Darah":null,"Email":"admin@mt-pharma-id.com","Tingkat_Pendidikan":"D3","Nomor_Urut":"1262","Kategori":"Karyawan Lapangan","Jabatan_k3lh":null,"Bagian_k3lh":null,"Unit_k3lh":null,"Kode_Bagian":null,"Tanggal_Verifikasi":null,"Tgl_Sertifikasi_MR":"2012-06-20T00:00:00","No_Sertifikat_MR":"08626/MR/LIII/12/B","UserID":null,"Pwd":null,"Aktif":1,"NIK_Atasan":"05.05","No_Peserta_DPLK":"8000005392240  ","No_Kartu_DPLK":"198106010023","Awal_Kepesertaan":null,"Akhir_Kepesertaan":null,"Keterangan":"lengkap","Nama_DPLK":"AAA 097283","NPWP":"774219901404000","ANGGOTA_SP":"Anggota","IURAN_SP":7000.0,"TUNJANGAN_ISTRI":-1,"TUNJANGAN_ANAK":2,"S_OR_M":2,"JML_ANAK_PPH":1,"STRATEGIC_ALLOWANCE":0.0,"FASILITAS_KENDARAAN":null,"Attandance":1,"PIN":"Junian","Warga_Negara":"Indonesia","No_Handphone":"0856-7283606","Status_Tempat_Tinggal":"Saudara","Alamat_Darurat":"Kp. Kebon Kopi RT 12 RW 04 Desa Kalong I Kec. Lewisadeng Kab, Bogor","No_Telepon_Darurat":"-","No_Handphone_Darurat":"0857-16179081","Nama_Yang_Dihubungi":"Achmad","Hubungan_Keluarga":"Orangtua (ayah)","Status_Pernikahan":null,"No_Identitas_Diri":null,"Masa_Berlaku_Identitas_Diri":"2019-06-01T00:00:00","Tempat_Lahir_Bapak":"Bogor","Tempat_Lahir_Ibu":"Bogor","Tanggal_Lahir_Bapak":"1960-08-13T00:00:00","Tanggal_Lahir_Ibu":"1958-08-16T00:00:00","Alamat_Bapak":"Kp Kebon Kopi Ds Kalong I Kec Leuwisadeng","Alamat_Ibu":"Kp Kebon Kopi Ds Kalong I Kec Leuwisadeng","Pekerjaan_Bapak":"Buruh Tani","Pekerjaan_Ibu":"Ibu Rumah Tangga","Jabatan_Penugasan":"N/A","Status_Aktif":1,"Alasan_Non_Aktif":"MSHQ","No_Ref_Job_Desc":"JD/MSHQ/R3/BKS/003","Revisi_Job_Desc_Ke":1,"Tgl_Berlaku_Job_Desc":"15 Nov 17 ","Nama_File_Job_Desc":"MSHQ-R3-BKS-003-Medical Representative-Junianto (Revisi ke-1).pdf","Fasilitas":-1,"Alasan_Keluar2":null,"Kode_Divisi":"NA","Email2":"junianto_2006@yahoo.co.id","ProfilePicture":null}]
