[{"Kode_Bagian":"ACCO  ","Nama_Bagian":"Accounting","Singkatan_Bagian":"ACC","Kode_Seksi":"ACCO  ","hq":null},{"Kode_Bagian":"ADMI  ","Nama_Bagian":"Administration","Singkatan_Bagian":"ADM","Kode_Seksi":"ADMI  ","hq":null},{"Kode_Bagian":"ALLI  ","Nama_Bagian":"Alliance","Singkatan_Bagian":"ALL","Kode_Seksi":"ALLI  ","hq":null},{"Kode_Bagian":"BSD   ","Nama_Bagian":"Business Support Department","Singkatan_Bagian":"BSD","Kode_Seksi":"BSD   ","hq":null},{"Kode_Bagian":"COA   ","Nama_Bagian":"Coating","Singkatan_Bagian":"COA","Kode_Seksi":"COA   ","hq":"pdhq"},{"Kode_Bagian":"COST  ","Nama_Bagian":"Cost Accounting","Singkatan_Bagian":"COST","Kode_Seksi":"COST  ","hq":null},{"Kode_Bagian":"DMIS  ","Nama_Bagian":"Distribution & Marketing Information System","Singkatan_Bagian":"DMIS","Kode_Seksi":"DMIS  ","hq":null},{"Kode_Bagian":"EXAF  ","Nama_Bagian":"External Affairs","Singkatan_Bagian":"EXT","Kode_Seksi":"EXAF  ","hq":null},{"Kode_Bagian":"HOID  ","Nama_Bagian":"Hospital / Institution Dist.","Singkatan_Bagian":"HOSP","Kode_Seksi":"HOID  ","hq":null},{"Kode_Bagian":"INAF  ","Nama_Bagian":"Internal Affairs","Singkatan_Bagian":"INT","Kode_Seksi":"INAF  ","hq":null},{"Kode_Bagian":"INJ   ","Nama_Bagian":"Injeksi","Singkatan_Bagian":"INJ","Kode_Seksi":"INJ   ","hq":"pdhq"},{"Kode_Bagian":"LIQU  ","Nama_Bagian":"Liquid","Singkatan_Bagian":"LIQ","Kode_Seksi":"LIQU  ","hq":"pdhq"},{"Kode_Bagian":"MAIC  ","Nama_Bagian":"Marketing Adm. & Internal Control ","Singkatan_Bagian":"MAIC","Kode_Seksi":"MAIC  ","hq":null},{"Kode_Bagian":"MISY  ","Nama_Bagian":"Marketing Information System","Singkatan_Bagian":"MIS","Kode_Seksi":"MISY  ","hq":null},{"Kode_Bagian":"MRSE  ","Nama_Bagian":"Market Research Section","Singkatan_Bagian":"MRS","Kode_Seksi":"MRSE  ","hq":null},{"Kode_Bagian":"PACK  ","Nama_Bagian":"Packaging","Singkatan_Bagian":"PACK","Kode_Seksi":"PACK  ","hq":"pdhq"},{"Kode_Bagian":"PAYR  ","Nama_Bagian":"Payroll","Singkatan_Bagian":"PAYROLL","Kode_Seksi":"PAYR  ","hq":null},{"Kode_Bagian":"PELE  ","Nama_Bagian":"Personnel & Legal","Singkatan_Bagian":"PL","Kode_Seksi":"PELE  ","hq":null},{"Kode_Bagian":"PPCS  ","Nama_Bagian":"Production Planning & Control","Singkatan_Bagian":"PPC","Kode_Seksi":"PPCS  ","hq":null},{"Kode_Bagian":"PURC  ","Nama_Bagian":"Purchasing","Singkatan_Bagian":"PUR","Kode_Seksi":"PURC  ","hq":null},{"Kode_Bagian":"QUAS  ","Nama_Bagian":"Quality Assurance","Singkatan_Bagian":"QA","Kode_Seksi":"QUAS  ","hq":null},{"Kode_Bagian":"QUC1  ","Nama_Bagian":"Quality Control I","Singkatan_Bagian":"QC1","Kode_Seksi":"QUC1  ","hq":null},{"Kode_Bagian":"QUC2  ","Nama_Bagian":"Quality Control II","Singkatan_Bagian":"QC2","Kode_Seksi":"QUC2  ","hq":null},{"Kode_Bagian":"REGI  ","Nama_Bagian":"Registration","Singkatan_Bagian":"REG","Kode_Seksi":"REGI  ","hq":null},{"Kode_Bagian":"REMI  ","Nama_Bagian":"Remicade","Singkatan_Bagian":"REM","Kode_Seksi":"REMI  ","hq":null},{"Kode_Bagian":"SA    ","Nama_Bagian":"Sales Administration","Singkatan_Bagian":"SA","Kode_Seksi":"SA    ","hq":null},{"Kode_Bagian":"SAEN  ","Nama_Bagian":"Safety & Environmental","Singkatan_Bagian":"SE","Kode_Seksi":"SAEN  ","hq":null},{"Kode_Bagian":"SAS   ","Nama_Bagian":"Sales Analysis  System","Singkatan_Bagian":"SAS","Kode_Seksi":"SAS   ","hq":null},{"Kode_Bagian":"SCSU  ","Nama_Bagian":"Scientific Support","Singkatan_Bagian":"SS","Kode_Seksi":"SCSU  ","hq":null},{"Kode_Bagian":"SOLI  ","Nama_Bagian":"Solid","Singkatan_Bagian":"SOL","Kode_Seksi":"SOLI  ","hq":"pdhq"},{"Kode_Bagian":"SR    ","Nama_Bagian":"Sustained Released","Singkatan_Bagian":"SR","Kode_Seksi":"SR    ","hq":null},{"Kode_Bagian":"STADM ","Nama_Bagian":"Storage Administration","Singkatan_Bagian":"ADMSF","Kode_Seksi":"STADM ","hq":null},{"Kode_Bagian":"STOR  ","Nama_Bagian":"Storage","Singkatan_Bagian":"SF","Kode_Seksi":"STOR  ","hq":null},{"Kode_Bagian":"SYR   ","Nama_Bagian":"Syrup","Singkatan_Bagian":"SYR","Kode_Seksi":"SYR   ","hq":"pdhq"},{"Kode_Bagian":"TAB   ","Nama_Bagian":"Tablet","Singkatan_Bagian":"TAB","Kode_Seksi":"TAB   ","hq":"pdhq"},{"Kode_Bagian":"TAXA  ","Nama_Bagian":"Taxation","Singkatan_Bagian":"TAX","Kode_Seksi":"TAXA  ","hq":null},{"Kode_Bagian":"TECSU ","Nama_Bagian":"Technical Support","Singkatan_Bagian":"TS","Kode_Seksi":"TECSU ","hq":null},{"Kode_Bagian":"TM    ","Nama_Bagian":"Technique & Maintenance","Singkatan_Bagian":"T&M","Kode_Seksi":"TEMA  ","hq":null},{"Kode_Bagian":"TREA  ","Nama_Bagian":"Treasure","Singkatan_Bagian":"TREASURE","Kode_Seksi":"TREA  ","hq":null},{"Kode_Bagian":"UTY   ","Nama_Bagian":"Utility","Singkatan_Bagian":"UTY","Kode_Seksi":"UTIL  ","hq":null}]
